0	-5	0	-6	0	-4	0	-3	0	-5	0	-3
0.80566	-6	0.80566	-4	0.80566	-2	0.80566	-2	0.80566	0	0.80566	-5
1.6113	-5	1.6113	-4	1.6113	-4	1.6113	-1	1.6113	-1	1.6113	-3
2.417	-4	2.417	-3	2.417	-3	2.417	0	2.417	-4	2.417	-3
3.2227	-1	3.2227	-4	3.2227	-6	3.2227	2	3.2227	-2	3.2227	-2
4.0283	-4	4.0283	-3	4.0283	-3	4.0283	1	4.0283	-4	4.0283	0
4.834	-5	4.834	-3	4.834	-2	4.834	1	4.834	0	4.834	-3
5.6396	-3	5.6396	-3	5.6396	-4	5.6396	0	5.6396	-1	5.6396	-8
6.4453	-5	6.4453	-2	6.4453	-3	6.4453	4	6.4453	-1	6.4453	-2
7.251	-4	7.251	-3	7.251	-3	7.251	1	7.251	1	7.251	-2
8.0566	-3	8.0566	1	8.0566	-1	8.0566	-1	8.0566	-7	8.0566	-2
8.8623	0	8.8623	-2	8.8623	-3	8.8623	-1	8.8623	0	8.8623	-2
9.668	-4	9.668	-9	9.668	0	9.668	1	9.668	-2	9.668	-1
10.474	-4	10.474	-1	10.474	-4	10.474	1	10.474	0	10.474	3
11.279	0	11.279	-2	11.279	-4	11.279	0	11.279	1	11.279	1
12.085	-5	12.085	-2	12.085	-1	12.085	2	12.085	1	12.085	-1
12.891	-2	12.891	-3	12.891	2	12.891	-1	12.891	4	12.891	0
13.696	-1	13.696	-2	13.696	-1	13.696	6	13.696	1	13.696	0
14.502	-1	14.502	3	14.502	-2	14.502	0	14.502	2	14.502	3
15.308	0	15.308	0	15.308	-1	15.308	2	15.308	1	15.308	2
16.113	-3	16.113	0	16.113	2	16.113	2	16.113	2	16.113	4
16.919	1	16.919	-2	16.919	5	16.919	2	16.919	2	16.919	1
17.725	0	17.725	0	17.725	1	17.725	3	17.725	1	17.725	2
18.53	-1	18.53	1	18.53	0	18.53	3	18.53	4	18.53	3
19.336	1	19.336	2	19.336	-1	19.336	3	19.336	3	19.336	4
20.142	1	20.142	1	20.142	0	20.142	4	20.142	3	20.142	3
20.947	0	20.947	2	20.947	1	20.947	5	20.947	3	20.947	3
21.753	-1	21.753	2	21.753	1	21.753	4	21.753	3	21.753	2
22.559	-1	22.559	-3	22.559	-1	22.559	6	22.559	3	22.559	3
23.364	-2	23.364	1	23.364	0	23.364	4	23.364	-1	23.364	-5
24.17	1	24.17	3	24.17	1	24.17	6	24.17	-1	24.17	2
24.976	-1	24.976	3	24.976	1	24.976	5	24.976	4	24.976	3
25.781	3	25.781	3	25.781	3	25.781	7	25.781	2	25.781	2
26.587	2	26.587	2	26.587	2	26.587	5	26.587	3	26.587	-6
27.393	2	27.393	1	27.393	3	27.393	5	27.393	3	27.393	3
28.198	2	28.198	2	28.198	5	28.198	6	28.198	3	28.198	4
29.004	4	29.004	4	29.004	1	29.004	5	29.004	11	29.004	4
29.81	3	29.81	0	29.81	1	29.81	7	29.81	4	29.81	4
30.615	2	30.615	1	30.615	3	30.615	6	30.615	5	30.615	3
31.421	1	31.421	2	31.421	2	31.421	5	31.421	4	31.421	5
32.227	3	32.227	0	32.227	2	32.227	6	32.227	3	32.227	5
33.032	1	33.032	3	33.032	4	33.032	4	33.032	4	33.032	6
33.838	3	33.838	2	33.838	1	33.838	5	33.838	4	33.838	5
34.644	3	34.644	3	34.644	2	34.644	6	34.644	7	34.644	4
35.449	-4	35.449	2	35.449	3	35.449	5	35.449	7	35.449	5
36.255	3	36.255	2	36.255	2	36.255	4	36.255	6	36.255	3
37.061	3	37.061	3	37.061	3	37.061	6	37.061	5	37.061	5
37.866	2	37.866	3	37.866	3	37.866	7	37.866	8	37.866	4
38.672	3	38.672	2	38.672	1	38.672	6	38.672	7	38.672	1
39.478	2	39.478	2	39.478	3	39.478	7	39.478	7	39.478	6
40.283	3	40.283	1	40.283	5	40.283	10	40.283	5	40.283	5
41.089	3	41.089	3	41.089	2	41.089	9	41.089	7	41.089	5
41.895	3	41.895	3	41.895	3	41.895	7	41.895	8	41.895	5
42.7	5	42.7	5	42.7	4	42.7	6	42.7	6	42.7	5
43.506	2	43.506	5	43.506	4	43.506	6	43.506	5	43.506	5
44.312	3	44.312	3	44.312	4	44.312	7	44.312	3	44.312	8
45.117	2	45.117	-2	45.117	4	45.117	4	45.117	4	45.117	8
45.923	2	45.923	3	45.923	4	45.923	6	45.923	6	45.923	6
46.729	3	46.729	4	46.729	2	46.729	9	46.729	4	46.729	7
47.534	5	47.534	5	47.534	4	47.534	7	47.534	7	47.534	5
48.34	4	48.34	4	48.34	4	48.34	7	48.34	5	48.34	7
49.146	0	49.146	5	49.146	7	49.146	9	49.146	8	49.146	6
49.951	3	49.951	2	49.951	4	49.951	7	49.951	4	49.951	5
50.757	5	50.757	5	50.757	6	50.757	11	50.757	4	50.757	6
51.563	5	51.563	4	51.563	4	51.563	7	51.563	6	51.563	7
52.368	5	52.368	4	52.368	5	52.368	6	52.368	6	52.368	12
53.174	5	53.174	4	53.174	5	53.174	8	53.174	7	53.174	5
53.979	6	53.979	5	53.979	5	53.979	9	53.979	7	53.979	7
54.785	7	54.785	4	54.785	5	54.785	8	54.785	8	54.785	6
55.591	6	55.591	4	55.591	4	55.591	10	55.591	10	55.591	8
56.396	5	56.396	3	56.396	5	56.396	8	56.396	10	56.396	6
57.202	3	57.202	5	57.202	5	57.202	9	57.202	6	57.202	11
58.008	5	58.008	9	58.008	5	58.008	8	58.008	7	58.008	5
58.813	5	58.813	1	58.813	6	58.813	6	58.813	9	58.813	8
59.619	6	59.619	4	59.619	6	59.619	7	59.619	7	59.619	7
60.425	6	60.425	6	60.425	5	60.425	10	60.425	8	60.425	9
61.23	5	61.23	4	61.23	5	61.23	8	61.23	3	61.23	8
62.036	10	62.036	7	62.036	4	62.036	9	62.036	6	62.036	10
62.842	6	62.842	4	62.842	6	62.842	10	62.842	7	62.842	9
63.647	6	63.647	5	63.647	4	63.647	8	63.647	10	63.647	7
64.453	9	64.453	4	64.453	5	64.453	10	64.453	5	64.453	8
65.259	4	65.259	6	65.259	5	65.259	13	65.259	9	65.259	9
66.064	5	66.064	4	66.064	6	66.064	1	66.064	8	66.064	7
66.87	9	66.87	6	66.87	6	66.87	12	66.87	7	66.87	10
67.676	7	67.676	6	67.676	8	67.676	9	67.676	8	67.676	8
68.481	8	68.481	6	68.481	4	68.481	10	68.481	10	68.481	9
69.287	4	69.287	6	69.287	5	69.287	11	69.287	7	69.287	9
70.093	6	70.093	7	70.093	8	70.093	10	70.093	8	70.093	11
70.898	3	70.898	6	70.898	6	70.898	12	70.898	7	70.898	8
71.704	6	71.704	7	71.704	6	71.704	9	71.704	8	71.704	8
72.51	5	72.51	7	72.51	7	72.51	11	72.51	8	72.51	9
73.315	4	73.315	7	73.315	6	73.315	11	73.315	11	73.315	11
74.121	5	74.121	9	74.121	5	74.121	10	74.121	10	74.121	9
74.927	4	74.927	7	74.927	5	74.927	11	74.927	9	74.927	10
75.732	10	75.732	6	75.732	5	75.732	11	75.732	10	75.732	10
76.538	6	76.538	6	76.538	7	76.538	9	76.538	10	76.538	9
77.344	5	77.344	6	77.344	7	77.344	10	77.344	9	77.344	7
78.149	6	78.149	7	78.149	8	78.149	12	78.149	9	78.149	10
78.955	8	78.955	8	78.955	6	78.955	12	78.955	11	78.955	8
79.761	9	79.761	8	79.761	6	79.761	11	79.761	9	79.761	8
80.566	7	80.566	8	80.566	6	80.566	11	80.566	9	80.566	10
81.372	7	81.372	8	81.372	5	81.372	13	81.372	10	81.372	11
82.178	8	82.178	8	82.178	6	82.178	11	82.178	6	82.178	8
82.983	5	82.983	7	82.983	7	82.983	12	82.983	8	82.983	8
83.789	6	83.789	-2	83.789	8	83.789	13	83.789	11	83.789	10
84.595	6	84.595	8	84.595	9	84.595	10	84.595	8	84.595	10
85.4	6	85.4	9	85.4	10	85.4	12	85.4	11	85.4	10
86.206	8	86.206	7	86.206	11	86.206	10	86.206	10	86.206	11
87.012	8	87.012	8	87.012	7	87.012	11	87.012	8	87.012	9
87.817	7	87.817	8	87.817	8	87.817	11	87.817	9	87.817	10
88.623	8	88.623	7	88.623	6	88.623	11	88.623	6	88.623	7
89.429	9	89.429	8	89.429	10	89.429	7	89.429	11	89.429	11
90.234	9	90.234	9	90.234	9	90.234	12	90.234	8	90.234	10
91.04	10	91.04	7	91.04	10	91.04	11	91.04	10	91.04	12
91.846	10	91.846	10	91.846	8	91.846	13	91.846	11	91.846	10
92.651	7	92.651	8	92.651	6	92.651	14	92.651	11	92.651	10
93.457	9	93.457	8	93.457	6	93.457	14	93.457	11	93.457	15
94.263	9	94.263	10	94.263	8	94.263	12	94.263	10	94.263	12
95.068	8	95.068	8	95.068	10	95.068	10	95.068	11	95.068	11
95.874	9	95.874	10	95.874	9	95.874	12	95.874	11	95.874	11
96.68	8	96.68	7	96.68	7	96.68	12	96.68	15	96.68	9
97.485	11	97.485	8	97.485	10	97.485	14	97.485	14	97.485	11
98.291	9	98.291	9	98.291	8	98.291	13	98.291	10	98.291	11
99.097	9	99.097	8	99.097	9	99.097	12	99.097	12	99.097	11
99.902	9	99.902	8	99.902	9	99.902	12	99.902	11	99.902	11
100.71	9	100.71	8	100.71	4	100.71	12	100.71	13	100.71	10
101.51	9	101.51	8	101.51	8	101.51	13	101.51	9	101.51	10
102.32	8	102.32	9	102.32	8	102.32	14	102.32	12	102.32	11
103.13	9	103.13	7	103.13	7	103.13	13	103.13	10	103.13	12
103.93	2	103.93	5	103.93	10	103.93	12	103.93	11	103.93	13
104.74	4	104.74	9	104.74	10	104.74	15	104.74	10	104.74	11
105.54	10	105.54	10	105.54	8	105.54	14	105.54	10	105.54	10
106.35	11	106.35	10	106.35	8	106.35	12	106.35	13	106.35	10
107.15	10	107.15	9	107.15	7	107.15	14	107.15	10	107.15	11
107.96	9	107.96	10	107.96	8	107.96	15	107.96	10	107.96	12
108.76	8	108.76	10	108.76	10	108.76	17	108.76	10	108.76	13
109.57	11	109.57	10	109.57	8	109.57	14	109.57	14	109.57	11
110.38	9	110.38	10	110.38	10	110.38	15	110.38	12	110.38	7
111.18	10	111.18	11	111.18	9	111.18	13	111.18	12	111.18	12
111.99	13	111.99	9	111.99	11	111.99	12	111.99	12	111.99	11
112.79	10	112.79	10	112.79	10	112.79	13	112.79	9	112.79	11
113.6	10	113.6	10	113.6	8	113.6	16	113.6	12	113.6	12
114.4	13	114.4	10	114.4	9	114.4	12	114.4	11	114.4	12
115.21	9	115.21	10	115.21	11	115.21	14	115.21	12	115.21	16
116.02	10	116.02	9	116.02	9	116.02	14	116.02	10	116.02	10
116.82	8	116.82	9	116.82	8	116.82	16	116.82	11	116.82	12
117.63	11	117.63	10	117.63	7	117.63	15	117.63	10	117.63	11
118.43	11	118.43	9	118.43	12	118.43	15	118.43	11	118.43	10
119.24	9	119.24	9	119.24	11	119.24	14	119.24	10	119.24	12
120.04	11	120.04	10	120.04	3	120.04	14	120.04	12	120.04	11
120.85	10	120.85	9	120.85	10	120.85	13	120.85	13	120.85	14
121.66	9	121.66	13	121.66	9	121.66	12	121.66	15	121.66	12
122.46	9	122.46	10	122.46	7	122.46	13	122.46	12	122.46	13
123.27	19	123.27	10	123.27	9	123.27	13	123.27	11	123.27	13
124.07	11	124.07	9	124.07	12	124.07	13	124.07	16	124.07	13
124.88	11	124.88	10	124.88	20	124.88	11	124.88	14	124.88	12
125.68	9	125.68	9	125.68	12	125.68	13	125.68	11	125.68	11
126.49	9	126.49	8	126.49	10	126.49	12	126.49	11	126.49	8
127.29	9	127.29	11	127.29	11	127.29	13	127.29	13	127.29	12
128.1	11	128.1	10	128.1	9	128.1	12	128.1	11	128.1	15
128.91	10	128.91	9	128.91	10	128.91	12	128.91	12	128.91	13
129.71	9	129.71	10	129.71	11	129.71	14	129.71	12	129.71	13
130.52	9	130.52	9	130.52	10	130.52	14	130.52	15	130.52	15
131.32	9	131.32	11	131.32	11	131.32	13	131.32	15	131.32	12
132.13	8	132.13	11	132.13	11	132.13	14	132.13	15	132.13	11
132.93	7	132.93	10	132.93	10	132.93	12	132.93	16	132.93	14
133.74	11	133.74	11	133.74	10	133.74	15	133.74	13	133.74	16
134.55	11	134.55	9	134.55	12	134.55	15	134.55	14	134.55	13
135.35	13	135.35	9	135.35	11	135.35	15	135.35	13	135.35	13
136.16	11	136.16	10	136.16	9	136.16	14	136.16	14	136.16	11
136.96	12	136.96	9	136.96	8	136.96	14	136.96	12	136.96	15
137.77	11	137.77	10	137.77	10	137.77	13	137.77	14	137.77	16
138.57	10	138.57	10	138.57	10	138.57	15	138.57	15	138.57	14
139.38	8	139.38	16	139.38	13	139.38	13	139.38	15	139.38	12
140.19	9	140.19	9	140.19	9	140.19	16	140.19	14	140.19	13
140.99	12	140.99	12	140.99	11	140.99	12	140.99	13	140.99	14
141.8	10	141.8	10	141.8	10	141.8	15	141.8	15	141.8	15
142.6	10	142.6	11	142.6	12	142.6	14	142.6	16	142.6	14
143.41	12	143.41	12	143.41	11	143.41	17	143.41	15	143.41	13
144.21	13	144.21	11	144.21	13	144.21	17	144.21	12	144.21	12
145.02	10	145.02	13	145.02	11	145.02	18	145.02	12	145.02	12
145.83	15	145.83	11	145.83	12	145.83	17	145.83	12	145.83	15
146.63	13	146.63	13	146.63	12	146.63	16	146.63	13	146.63	22
147.44	10	147.44	10	147.44	13	147.44	16	147.44	13	147.44	14
148.24	12	148.24	12	148.24	12	148.24	17	148.24	12	148.24	13
149.05	12	149.05	11	149.05	12	149.05	17	149.05	14	149.05	16
149.85	13	149.85	11	149.85	11	149.85	16	149.85	15	149.85	14
150.66	12	150.66	9	150.66	14	150.66	13	150.66	18	150.66	15
151.46	11	151.46	11	151.46	12	151.46	17	151.46	15	151.46	14
152.27	13	152.27	6	152.27	12	152.27	16	152.27	14	152.27	16
153.08	13	153.08	13	153.08	12	153.08	14	153.08	15	153.08	17
153.88	10	153.88	12	153.88	20	153.88	18	153.88	15	153.88	15
154.69	11	154.69	11	154.69	13	154.69	16	154.69	16	154.69	13
155.49	12	155.49	12	155.49	10	155.49	15	155.49	16	155.49	8
156.3	12	156.3	11	156.3	11	156.3	16	156.3	16	156.3	13
157.1	11	157.1	11	157.1	11	157.1	15	157.1	14	157.1	14
157.91	11	157.91	12	157.91	14	157.91	16	157.91	13	157.91	12
158.72	12	158.72	11	158.72	12	158.72	17	158.72	14	158.72	14
159.52	11	159.52	11	159.52	11	159.52	17	159.52	13	159.52	13
160.33	10	160.33	12	160.33	15	160.33	15	160.33	11	160.33	13
161.13	12	161.13	12	161.13	13	161.13	17	161.13	15	161.13	16
161.94	12	161.94	11	161.94	11	161.94	16	161.94	14	161.94	15
162.74	11	162.74	12	162.74	10	162.74	20	162.74	16	162.74	11
163.55	11	163.55	12	163.55	12	163.55	14	163.55	12	163.55	15
164.36	13	164.36	11	164.36	12	164.36	18	164.36	13	164.36	16
165.16	13	165.16	12	165.16	13	165.16	15	165.16	16	165.16	13
165.97	12	165.97	11	165.97	10	165.97	14	165.97	15	165.97	14
166.77	13	166.77	10	166.77	12	166.77	15	166.77	16	166.77	15
167.58	11	167.58	12	167.58	11	167.58	18	167.58	15	167.58	15
168.38	21	168.38	12	168.38	12	168.38	16	168.38	19	168.38	16
169.19	12	169.19	13	169.19	12	169.19	16	169.19	16	169.19	16
170	13	170	12	170	11	170	17	170	16	170	16
170.8	12	170.8	12	170.8	10	170.8	17	170.8	15	170.8	17
171.61	14	171.61	11	171.61	13	171.61	10	171.61	16	171.61	18
172.41	14	172.41	16	172.41	12	172.41	16	172.41	15	172.41	15
173.22	15	173.22	13	173.22	12	173.22	17	173.22	15	173.22	16
174.02	12	174.02	12	174.02	12	174.02	16	174.02	14	174.02	17
174.83	13	174.83	17	174.83	12	174.83	17	174.83	15	174.83	19
175.63	12	175.63	14	175.63	13	175.63	19	175.63	16	175.63	15
176.44	11	176.44	12	176.44	14	176.44	19	176.44	16	176.44	20
177.25	11	177.25	12	177.25	12	177.25	17	177.25	16	177.25	16
178.05	13	178.05	11	178.05	13	178.05	17	178.05	16	178.05	12
178.86	12	178.86	13	178.86	13	178.86	18	178.86	12	178.86	15
179.66	13	179.66	13	179.66	14	179.66	17	179.66	17	179.66	15
180.47	13	180.47	14	180.47	18	180.47	16	180.47	14	180.47	16
181.27	12	181.27	11	181.27	13	181.27	17	181.27	16	181.27	15
182.08	13	182.08	12	182.08	12	182.08	17	182.08	19	182.08	14
182.89	11	182.89	13	182.89	14	182.89	16	182.89	15	182.89	14
183.69	12	183.69	13	183.69	12	183.69	15	183.69	17	183.69	16
184.5	13	184.5	14	184.5	12	184.5	15	184.5	16	184.5	13
185.3	14	185.3	12	185.3	14	185.3	20	185.3	13	185.3	16
186.11	12	186.11	13	186.11	12	186.11	17	186.11	16	186.11	18
186.91	18	186.91	15	186.91	11	186.91	18	186.91	16	186.91	17
187.72	15	187.72	13	187.72	14	187.72	19	187.72	18	187.72	18
188.53	17	188.53	17	188.53	14	188.53	17	188.53	17	188.53	16
189.33	14	189.33	15	189.33	15	189.33	16	189.33	17	189.33	16
190.14	14	190.14	15	190.14	13	190.14	19	190.14	19	190.14	17
190.94	14	190.94	13	190.94	14	190.94	17	190.94	17	190.94	13
191.75	13	191.75	13	191.75	11	191.75	18	191.75	19	191.75	19
192.55	14	192.55	12	192.55	12	192.55	16	192.55	18	192.55	16
193.36	13	193.36	13	193.36	14	193.36	24	193.36	16	193.36	17
194.17	13	194.17	10	194.17	15	194.17	18	194.17	17	194.17	20
194.97	18	194.97	12	194.97	14	194.97	18	194.97	14	194.97	17
195.78	13	195.78	15	195.78	10	195.78	23	195.78	18	195.78	17
196.58	14	196.58	13	196.58	16	196.58	20	196.58	15	196.58	17
197.39	14	197.39	14	197.39	15	197.39	15	197.39	17	197.39	16
198.19	10	198.19	13	198.19	13	198.19	17	198.19	12	198.19	16
199	14	199	13	199	13	199	21	199	13	199	17
199.8	13	199.8	14	199.8	13	199.8	18	199.8	15	199.8	18
200.61	16	200.61	13	200.61	13	200.61	18	200.61	15	200.61	16
201.42	15	201.42	13	201.42	15	201.42	18	201.42	16	201.42	16
202.22	14	202.22	13	202.22	14	202.22	16	202.22	17	202.22	16
203.03	15	203.03	14	203.03	12	203.03	20	203.03	17	203.03	16
203.83	13	203.83	13	203.83	13	203.83	19	203.83	19	203.83	16
204.64	15	204.64	14	204.64	16	204.64	20	204.64	21	204.64	16
205.44	15	205.44	14	205.44	16	205.44	20	205.44	17	205.44	18
206.25	15	206.25	14	206.25	14	206.25	20	206.25	15	206.25	18
207.06	15	207.06	12	207.06	15	207.06	20	207.06	16	207.06	15
207.86	19	207.86	13	207.86	14	207.86	19	207.86	16	207.86	18
208.67	15	208.67	14	208.67	13	208.67	18	208.67	17	208.67	16
209.47	15	209.47	14	209.47	13	209.47	21	209.47	18	209.47	17
210.28	15	210.28	13	210.28	13	210.28	16	210.28	17	210.28	15
211.08	14	211.08	11	211.08	12	211.08	20	211.08	19	211.08	19
211.89	16	211.89	14	211.89	14	211.89	20	211.89	17	211.89	20
212.7	21	212.7	18	212.7	14	212.7	18	212.7	18	212.7	18
213.5	15	213.5	14	213.5	14	213.5	19	213.5	17	213.5	18
214.31	14	214.31	14	214.31	15	214.31	19	214.31	15	214.31	18
215.11	14	215.11	15	215.11	14	215.11	20	215.11	18	215.11	19
215.92	14	215.92	14	215.92	17	215.92	21	215.92	12	215.92	16
216.72	14	216.72	17	216.72	16	216.72	20	216.72	18	216.72	17
217.53	13	217.53	15	217.53	16	217.53	28	217.53	16	217.53	15
218.33	13	218.33	14	218.33	16	218.33	19	218.33	18	218.33	19
219.14	15	219.14	15	219.14	14	219.14	19	219.14	22	219.14	16
219.95	14	219.95	14	219.95	15	219.95	22	219.95	20	219.95	19
220.75	14	220.75	18	220.75	16	220.75	19	220.75	18	220.75	17
221.56	15	221.56	15	221.56	14	221.56	21	221.56	18	221.56	21
222.36	16	222.36	15	222.36	14	222.36	19	222.36	21	222.36	20
223.17	15	223.17	14	223.17	15	223.17	19	223.17	18	223.17	19
223.97	15	223.97	15	223.97	15	223.97	19	223.97	17	223.97	19
224.78	15	224.78	13	224.78	15	224.78	19	224.78	19	224.78	19
225.59	16	225.59	14	225.59	15	225.59	22	225.59	21	225.59	17
226.39	12	226.39	14	226.39	15	226.39	21	226.39	20	226.39	19
227.2	13	227.2	15	227.2	13	227.2	20	227.2	16	227.2	18
228	15	228	14	228	15	228	18	228	21	228	19
228.81	16	228.81	16	228.81	16	228.81	19	228.81	18	228.81	16
229.61	16	229.61	15	229.61	16	229.61	18	229.61	19	229.61	20
230.42	14	230.42	14	230.42	15	230.42	21	230.42	17	230.42	20
231.23	15	231.23	14	231.23	14	231.23	21	231.23	22	231.23	18
232.03	15	232.03	15	232.03	15	232.03	20	232.03	19	232.03	17
232.84	17	232.84	14	232.84	18	232.84	22	232.84	20	232.84	19
233.64	14	233.64	15	233.64	15	233.64	21	233.64	19	233.64	16
234.45	16	234.45	18	234.45	13	234.45	21	234.45	21	234.45	20
235.25	14	235.25	16	235.25	17	235.25	20	235.25	21	235.25	17
236.06	15	236.06	14	236.06	14	236.06	21	236.06	22	236.06	18
236.87	15	236.87	15	236.87	15	236.87	20	236.87	19	236.87	20
237.67	15	237.67	15	237.67	16	237.67	20	237.67	19	237.67	17
238.48	14	238.48	16	238.48	15	238.48	19	238.48	18	238.48	19
239.28	15	239.28	15	239.28	15	239.28	23	239.28	20	239.28	18
240.09	16	240.09	15	240.09	17	240.09	21	240.09	18	240.09	17
240.89	16	240.89	15	240.89	13	240.89	23	240.89	19	240.89	22
241.7	16	241.7	14	241.7	13	241.7	22	241.7	17	241.7	19
242.5	12	242.5	15	242.5	14	242.5	20	242.5	18	242.5	21
243.31	16	243.31	14	243.31	15	243.31	19	243.31	18	243.31	20
244.12	17	244.12	17	244.12	17	244.12	21	244.12	19	244.12	20
244.92	15	244.92	15	244.92	16	244.92	23	244.92	18	244.92	20
245.73	16	245.73	15	245.73	16	245.73	23	245.73	21	245.73	18
246.53	13	246.53	15	246.53	17	246.53	22	246.53	20	246.53	16
247.34	16	247.34	15	247.34	13	247.34	19	247.34	19	247.34	20
248.14	17	248.14	15	248.14	16	248.14	22	248.14	19	248.14	19
248.95	16	248.95	16	248.95	17	248.95	20	248.95	14	248.95	21
249.76	16	249.76	15	249.76	14	249.76	21	249.76	19	249.76	19
250.56	14	250.56	16	250.56	15	250.56	22	250.56	18	250.56	21
251.37	15	251.37	16	251.37	15	251.37	21	251.37	18	251.37	23
252.17	12	252.17	16	252.17	17	252.17	22	252.17	21	252.17	20
252.98	16	252.98	16	252.98	16	252.98	21	252.98	20	252.98	21
253.78	16	253.78	16	253.78	16	253.78	22	253.78	20	253.78	19
254.59	17	254.59	16	254.59	15	254.59	25	254.59	21	254.59	20
255.4	15	255.4	16	255.4	16	255.4	22	255.4	20	255.4	17
256.2	16	256.2	17	256.2	16	256.2	19	256.2	18	256.2	19
257.01	14	257.01	17	257.01	18	257.01	21	257.01	19	257.01	22
257.81	14	257.81	17	257.81	18	257.81	23	257.81	22	257.81	21
258.62	15	258.62	17	258.62	15	258.62	23	258.62	19	258.62	19
259.42	16	259.42	18	259.42	17	259.42	20	259.42	17	259.42	19
260.23	17	260.23	15	260.23	15	260.23	21	260.23	20	260.23	22
261.04	18	261.04	16	261.04	17	261.04	24	261.04	16	261.04	20
261.84	15	261.84	17	261.84	18	261.84	22	261.84	22	261.84	19
262.65	16	262.65	17	262.65	17	262.65	23	262.65	19	262.65	21
263.45	15	263.45	13	263.45	20	263.45	20	263.45	19	263.45	27
264.26	19	264.26	16	264.26	17	264.26	22	264.26	21	264.26	20
265.06	16	265.06	17	265.06	16	265.06	23	265.06	20	265.06	23
265.87	16	265.87	15	265.87	16	265.87	20	265.87	20	265.87	20
266.67	18	266.67	17	266.67	18	266.67	26	266.67	21	266.67	21
267.48	15	267.48	17	267.48	16	267.48	21	267.48	19	267.48	20
268.29	17	268.29	16	268.29	16	268.29	21	268.29	19	268.29	22
269.09	17	269.09	17	269.09	17	269.09	20	269.09	20	269.09	19
269.9	18	269.9	16	269.9	17	269.9	21	269.9	21	269.9	20
270.7	16	270.7	16	270.7	18	270.7	23	270.7	19	270.7	21
271.51	10	271.51	16	271.51	17	271.51	22	271.51	21	271.51	22
272.31	18	272.31	15	272.31	17	272.31	23	272.31	19	272.31	21
273.12	18	273.12	18	273.12	21	273.12	25	273.12	20	273.12	21
273.93	15	273.93	17	273.93	18	273.93	23	273.93	17	273.93	21
274.73	17	274.73	17	274.73	17	274.73	23	274.73	19	274.73	22
275.54	17	275.54	16	275.54	17	275.54	22	275.54	21	275.54	21
276.34	16	276.34	16	276.34	18	276.34	23	276.34	21	276.34	23
277.15	18	277.15	18	277.15	17	277.15	24	277.15	23	277.15	20
277.95	18	277.95	18	277.95	16	277.95	22	277.95	19	277.95	20
278.76	17	278.76	17	278.76	16	278.76	20	278.76	15	278.76	21
279.57	16	279.57	14	279.57	18	279.57	26	279.57	20	279.57	22
280.37	17	280.37	18	280.37	16	280.37	22	280.37	25	280.37	21
281.18	24	281.18	20	281.18	17	281.18	22	281.18	25	281.18	21
281.98	17	281.98	15	281.98	15	281.98	21	281.98	23	281.98	20
282.79	18	282.79	16	282.79	19	282.79	22	282.79	19	282.79	20
283.59	18	283.59	17	283.59	18	283.59	22	283.59	22	283.59	22
284.4	19	284.4	18	284.4	21	284.4	26	284.4	19	284.4	22
285.21	17	285.21	17	285.21	20	285.21	24	285.21	20	285.21	22
286.01	18	286.01	18	286.01	20	286.01	24	286.01	20	286.01	20
286.82	18	286.82	18	286.82	17	286.82	21	286.82	19	286.82	19
287.62	18	287.62	18	287.62	17	287.62	22	287.62	19	287.62	22
288.43	18	288.43	18	288.43	16	288.43	25	288.43	21	288.43	22
289.23	17	289.23	18	289.23	17	289.23	25	289.23	20	289.23	21
290.04	19	290.04	17	290.04	18	290.04	24	290.04	24	290.04	22
290.84	21	290.84	17	290.84	13	290.84	23	290.84	21	290.84	22
291.65	18	291.65	18	291.65	17	291.65	28	291.65	23	291.65	22
292.46	18	292.46	17	292.46	23	292.46	21	292.46	21	292.46	22
293.26	19	293.26	18	293.26	18	293.26	25	293.26	22	293.26	20
294.07	17	294.07	20	294.07	18	294.07	23	294.07	21	294.07	23
294.87	18	294.87	17	294.87	15	294.87	26	294.87	23	294.87	22
295.68	17	295.68	16	295.68	19	295.68	25	295.68	24	295.68	24
296.48	18	296.48	18	296.48	19	296.48	26	296.48	23	296.48	22
297.29	18	297.29	19	297.29	19	297.29	26	297.29	22	297.29	23
298.1	21	298.1	17	298.1	19	298.1	23	298.1	24	298.1	22
298.9	18	298.9	19	298.9	17	298.9	25	298.9	23	298.9	23
299.71	14	299.71	18	299.71	19	299.71	24	299.71	23	299.71	23
300.51	18	300.51	18	300.51	20	300.51	23	300.51	23	300.51	23
301.32	15	301.32	19	301.32	19	301.32	24	301.32	22	301.32	22
302.12	19	302.12	19	302.12	17	302.12	24	302.12	23	302.12	24
302.93	17	302.93	19	302.93	18	302.93	25	302.93	24	302.93	23
303.74	17	303.74	18	303.74	18	303.74	22	303.74	26	303.74	23
304.54	18	304.54	21	304.54	18	304.54	25	304.54	25	304.54	24
305.35	19	305.35	19	305.35	19	305.35	26	305.35	26	305.35	21
306.15	16	306.15	16	306.15	17	306.15	26	306.15	23	306.15	21
306.96	22	306.96	19	306.96	23	306.96	24	306.96	24	306.96	25
307.76	19	307.76	19	307.76	18	307.76	27	307.76	20	307.76	24
308.57	18	308.57	19	308.57	18	308.57	24	308.57	24	308.57	21
309.38	18	309.38	19	309.38	17	309.38	26	309.38	25	309.38	22
310.18	20	310.18	19	310.18	19	310.18	27	310.18	25	310.18	23
310.99	16	310.99	20	310.99	18	310.99	26	310.99	25	310.99	21
311.79	13	311.79	18	311.79	19	311.79	26	311.79	20	311.79	24
312.6	18	312.6	21	312.6	18	312.6	25	312.6	24	312.6	24
313.4	18	313.4	18	313.4	20	313.4	25	313.4	25	313.4	24
314.21	18	314.21	19	314.21	20	314.21	27	314.21	25	314.21	24
315.01	18	315.01	19	315.01	19	315.01	26	315.01	24	315.01	22
315.82	18	315.82	18	315.82	20	315.82	26	315.82	24	315.82	23
316.63	18	316.63	19	316.63	21	316.63	24	316.63	23	316.63	25
317.43	19	317.43	20	317.43	27	317.43	28	317.43	21	317.43	22
318.24	17	318.24	20	318.24	18	318.24	26	318.24	24	318.24	24
319.04	18	319.04	19	319.04	17	319.04	27	319.04	23	319.04	23
319.85	19	319.85	19	319.85	20	319.85	25	319.85	21	319.85	25
320.65	19	320.65	21	320.65	17	320.65	27	320.65	22	320.65	27
321.46	18	321.46	22	321.46	20	321.46	25	321.46	22	321.46	24
322.27	19	322.27	18	322.27	19	322.27	28	322.27	24	322.27	23
323.07	19	323.07	19	323.07	20	323.07	27	323.07	24	323.07	24
323.88	19	323.88	17	323.88	19	323.88	25	323.88	22	323.88	24
324.68	19	324.68	19	324.68	20	324.68	27	324.68	22	324.68	22
325.49	19	325.49	20	325.49	20	325.49	26	325.49	24	325.49	22
326.29	19	326.29	19	326.29	21	326.29	26	326.29	23	326.29	23
327.1	20	327.1	19	327.1	19	327.1	25	327.1	23	327.1	25
327.91	18	327.91	19	327.91	19	327.91	27	327.91	23	327.91	25
328.71	21	328.71	19	328.71	15	328.71	28	328.71	24	328.71	23
329.52	19	329.52	19	329.52	19	329.52	28	329.52	25	329.52	26
330.32	19	330.32	20	330.32	19	330.32	27	330.32	25	330.32	26
331.13	20	331.13	18	331.13	16	331.13	27	331.13	27	331.13	29
331.93	14	331.93	20	331.93	20	331.93	25	331.93	25	331.93	24
332.74	20	332.74	19	332.74	20	332.74	27	332.74	27	332.74	26
333.54	20	333.54	19	333.54	23	333.54	26	333.54	23	333.54	24
334.35	21	334.35	20	334.35	18	334.35	27	334.35	24	334.35	26
335.16	21	335.16	22	335.16	20	335.16	28	335.16	23	335.16	24
335.96	18	335.96	20	335.96	26	335.96	28	335.96	24	335.96	26
336.77	21	336.77	19	336.77	21	336.77	26	336.77	23	336.77	23
337.57	20	337.57	20	337.57	19	337.57	30	337.57	22	337.57	23
338.38	19	338.38	20	338.38	20	338.38	25	338.38	24	338.38	24
339.18	21	339.18	20	339.18	21	339.18	26	339.18	25	339.18	26
339.99	20	339.99	20	339.99	20	339.99	28	339.99	25	339.99	26
340.8	19	340.8	19	340.8	21	340.8	28	340.8	27	340.8	23
341.6	19	341.6	19	341.6	19	341.6	28	341.6	24	341.6	25
342.41	19	342.41	20	342.41	20	342.41	31	342.41	24	342.41	24
343.21	23	343.21	20	343.21	17	343.21	28	343.21	26	343.21	25
344.02	20	344.02	20	344.02	20	344.02	28	344.02	26	344.02	23
344.82	20	344.82	21	344.82	20	344.82	26	344.82	25	344.82	25
345.63	21	345.63	20	345.63	22	345.63	27	345.63	24	345.63	28
346.44	21	346.44	17	346.44	20	346.44	25	346.44	25	346.44	25
347.24	20	347.24	20	347.24	20	347.24	25	347.24	22	347.24	29
348.05	21	348.05	21	348.05	21	348.05	26	348.05	26	348.05	26
348.85	22	348.85	20	348.85	23	348.85	27	348.85	26	348.85	24
349.66	20	349.66	20	349.66	19	349.66	21	349.66	25	349.66	25
350.46	20	350.46	19	350.46	16	350.46	27	350.46	23	350.46	25
351.27	17	351.27	20	351.27	22	351.27	25	351.27	20	351.27	26
352.08	20	352.08	21	352.08	21	352.08	29	352.08	23	352.08	26
352.88	21	352.88	21	352.88	23	352.88	29	352.88	25	352.88	26
353.69	23	353.69	20	353.69	22	353.69	28	353.69	26	353.69	26
354.49	21	354.49	21	354.49	21	354.49	28	354.49	26	354.49	24
355.3	21	355.3	19	355.3	23	355.3	29	355.3	29	355.3	28
356.1	19	356.1	21	356.1	21	356.1	34	356.1	25	356.1	26
356.91	21	356.91	20	356.91	20	356.91	27	356.91	28	356.91	26
357.71	20	357.71	20	357.71	20	357.71	27	357.71	26	357.71	25
358.52	20	358.52	21	358.52	22	358.52	27	358.52	22	358.52	28
359.33	19	359.33	20	359.33	22	359.33	29	359.33	25	359.33	27
360.13	20	360.13	21	360.13	18	360.13	28	360.13	25	360.13	25
360.94	26	360.94	20	360.94	21	360.94	28	360.94	28	360.94	27
361.74	20	361.74	21	361.74	22	361.74	31	361.74	25	361.74	27
362.55	20	362.55	20	362.55	19	362.55	29	362.55	26	362.55	27
363.35	22	363.35	24	363.35	20	363.35	32	363.35	27	363.35	28
364.16	21	364.16	21	364.16	20	364.16	28	364.16	26	364.16	27
364.97	20	364.97	21	364.97	20	364.97	31	364.97	24	364.97	27
365.77	21	365.77	21	365.77	22	365.77	31	365.77	24	365.77	28
366.58	23	366.58	22	366.58	22	366.58	29	366.58	24	366.58	26
367.38	21	367.38	22	367.38	23	367.38	29	367.38	26	367.38	26
368.19	21	368.19	21	368.19	24	368.19	30	368.19	24	368.19	27
368.99	20	368.99	21	368.99	23	368.99	29	368.99	28	368.99	27
369.8	22	369.8	21	369.8	22	369.8	28	369.8	25	369.8	27
370.61	21	370.61	21	370.61	19	370.61	29	370.61	28	370.61	27
371.41	22	371.41	18	371.41	20	371.41	29	371.41	29	371.41	26
372.22	22	372.22	21	372.22	22	372.22	32	372.22	29	372.22	25
373.02	22	373.02	21	373.02	21	373.02	35	373.02	26	373.02	27
373.83	21	373.83	21	373.83	23	373.83	29	373.83	25	373.83	27
374.63	27	374.63	22	374.63	22	374.63	30	374.63	27	374.63	27
375.44	21	375.44	22	375.44	25	375.44	33	375.44	27	375.44	27
376.25	22	376.25	21	376.25	22	376.25	31	376.25	26	376.25	28
377.05	18	377.05	19	377.05	20	377.05	29	377.05	29	377.05	28
377.86	21	377.86	22	377.86	23	377.86	30	377.86	30	377.86	29
378.66	25	378.66	18	378.66	22	378.66	32	378.66	28	378.66	29
379.47	21	379.47	22	379.47	23	379.47	31	379.47	26	379.47	28
380.27	21	380.27	22	380.27	23	380.27	31	380.27	31	380.27	27
381.08	22	381.08	22	381.08	22	381.08	30	381.08	25	381.08	33
381.88	26	381.88	22	381.88	21	381.88	32	381.88	27	381.88	28
382.69	25	382.69	22	382.69	21	382.69	29	382.69	28	382.69	30
383.5	25	383.5	21	383.5	21	383.5	32	383.5	25	383.5	26
384.3	23	384.3	24	384.3	22	384.3	29	384.3	30	384.3	28
385.11	23	385.11	21	385.11	21	385.11	31	385.11	29	385.11	27
385.91	23	385.91	22	385.91	24	385.91	31	385.91	33	385.91	27
386.72	23	386.72	23	386.72	23	386.72	32	386.72	30	386.72	26
387.52	23	387.52	22	387.52	24	387.52	31	387.52	31	387.52	26
388.33	22	388.33	23	388.33	22	388.33	33	388.33	28	388.33	28
389.14	22	389.14	22	389.14	23	389.14	31	389.14	28	389.14	28
389.94	24	389.94	22	389.94	24	389.94	30	389.94	30	389.94	27
390.75	21	390.75	22	390.75	20	390.75	31	390.75	29	390.75	26
391.55	23	391.55	24	391.55	22	391.55	30	391.55	28	391.55	28
392.36	25	392.36	22	392.36	24	392.36	29	392.36	28	392.36	27
393.16	23	393.16	21	393.16	24	393.16	30	393.16	26	393.16	27
393.97	22	393.97	23	393.97	23	393.97	28	393.97	29	393.97	27
394.78	26	394.78	22	394.78	24	394.78	29	394.78	30	394.78	30
395.58	22	395.58	19	395.58	21	395.58	28	395.58	28	395.58	28
396.39	22	396.39	22	396.39	22	396.39	30	396.39	29	396.39	28
397.19	24	397.19	21	397.19	23	397.19	33	397.19	28	397.19	29
398	23	398	24	398	14	398	30	398	29	398	30
398.8	22	398.8	22	398.8	22	398.8	34	398.8	30	398.8	30
399.61	23	399.61	23	399.61	23	399.61	30	399.61	28	399.61	29
400.42	23	400.42	23	400.42	25	400.42	30	400.42	33	400.42	30
401.22	23	401.22	23	401.22	23	401.22	31	401.22	28	401.22	29
402.03	23	402.03	23	402.03	21	402.03	31	402.03	29	402.03	27
402.83	23	402.83	22	402.83	24	402.83	30	402.83	29	402.83	29
403.64	25	403.64	25	403.64	23	403.64	31	403.64	29	403.64	30
404.44	23	404.44	23	404.44	25	404.44	32	404.44	30	404.44	29
405.25	23	405.25	24	405.25	23	405.25	31	405.25	30	405.25	30
406.05	24	406.05	26	406.05	20	406.05	32	406.05	30	406.05	30
406.86	24	406.86	23	406.86	25	406.86	33	406.86	28	406.86	31
407.67	23	407.67	20	407.67	23	407.67	33	407.67	32	407.67	31
408.47	24	408.47	22	408.47	24	408.47	31	408.47	28	408.47	30
409.28	23	409.28	24	409.28	25	409.28	32	409.28	30	409.28	28
410.08	23	410.08	23	410.08	23	410.08	32	410.08	25	410.08	31
410.89	24	410.89	23	410.89	25	410.89	31	410.89	29	410.89	31
411.69	23	411.69	22	411.69	23	411.69	32	411.69	29	411.69	30
412.5	25	412.5	24	412.5	24	412.5	33	412.5	31	412.5	30
413.31	22	413.31	24	413.31	24	413.31	33	413.31	30	413.31	30
414.11	27	414.11	23	414.11	24	414.11	33	414.11	26	414.11	30
414.92	24	414.92	25	414.92	23	414.92	31	414.92	30	414.92	30
415.72	24	415.72	22	415.72	22	415.72	33	415.72	30	415.72	31
416.53	24	416.53	25	416.53	23	416.53	35	416.53	31	416.53	32
417.33	23	417.33	23	417.33	23	417.33	33	417.33	29	417.33	31
418.14	22	418.14	24	418.14	25	418.14	32	418.14	32	418.14	30
418.95	21	418.95	23	418.95	25	418.95	34	418.95	30	418.95	29
419.75	24	419.75	24	419.75	25	419.75	35	419.75	28	419.75	30
420.56	24	420.56	23	420.56	25	420.56	33	420.56	28	420.56	29
421.36	22	421.36	24	421.36	25	421.36	33	421.36	30	421.36	28
422.17	24	422.17	21	422.17	24	422.17	33	422.17	32	422.17	30
422.97	24	422.97	24	422.97	24	422.97	36	422.97	30	422.97	30
423.78	29	423.78	24	423.78	23	423.78	31	423.78	31	423.78	29
424.58	25	424.58	24	424.58	24	424.58	32	424.58	33	424.58	31
425.39	22	425.39	25	425.39	23	425.39	34	425.39	31	425.39	32
426.2	23	426.2	25	426.2	23	426.2	34	426.2	31	426.2	33
427	25	427	25	427	25	427	33	427	30	427	29
427.81	24	427.81	24	427.81	23	427.81	34	427.81	32	427.81	33
428.61	25	428.61	24	428.61	25	428.61	28	428.61	32	428.61	32
429.42	24	429.42	26	429.42	22	429.42	34	429.42	32	429.42	30
430.22	23	430.22	24	430.22	24	430.22	35	430.22	35	430.22	32
431.03	24	431.03	25	431.03	25	431.03	34	431.03	28	431.03	30
431.84	25	431.84	21	431.84	25	431.84	34	431.84	33	431.84	30
432.64	24	432.64	27	432.64	27	432.64	34	432.64	30	432.64	33
433.45	23	433.45	23	433.45	23	433.45	32	433.45	31	433.45	31
434.25	25	434.25	26	434.25	28	434.25	35	434.25	32	434.25	31
435.06	24	435.06	24	435.06	24	435.06	35	435.06	32	435.06	29
435.86	25	435.86	25	435.86	24	435.86	36	435.86	29	435.86	31
436.67	24	436.67	28	436.67	26	436.67	33	436.67	29	436.67	29
437.48	23	437.48	25	437.48	24	437.48	35	437.48	30	437.48	32
438.28	26	438.28	24	438.28	23	438.28	33	438.28	30	438.28	28
439.09	27	439.09	25	439.09	25	439.09	33	439.09	31	439.09	32
439.89	27	439.89	25	439.89	25	439.89	31	439.89	36	439.89	30
440.7	28	440.7	25	440.7	24	440.7	31	440.7	31	440.7	31
441.5	27	441.5	26	441.5	24	441.5	35	441.5	31	441.5	30
442.31	26	442.31	26	442.31	25	442.31	35	442.31	34	442.31	33
443.12	25	443.12	27	443.12	24	443.12	34	443.12	33	443.12	31
443.92	25	443.92	26	443.92	25	443.92	34	443.92	31	443.92	31
444.73	22	444.73	26	444.73	26	444.73	34	444.73	33	444.73	30
445.53	26	445.53	25	445.53	25	445.53	33	445.53	30	445.53	32
446.34	26	446.34	25	446.34	25	446.34	34	446.34	36	446.34	29
447.14	26	447.14	25	447.14	26	447.14	32	447.14	31	447.14	31
447.95	26	447.95	16	447.95	27	447.95	33	447.95	30	447.95	32
448.75	33	448.75	25	448.75	24	448.75	33	448.75	32	448.75	31
449.56	25	449.56	24	449.56	24	449.56	32	449.56	32	449.56	32
450.37	25	450.37	24	450.37	25	450.37	36	450.37	32	450.37	33
451.17	26	451.17	23	451.17	23	451.17	34	451.17	32	451.17	33
451.98	24	451.98	26	451.98	22	451.98	35	451.98	34	451.98	32
452.78	26	452.78	24	452.78	24	452.78	36	452.78	32	452.78	32
453.59	27	453.59	26	453.59	24	453.59	36	453.59	29	453.59	35
454.39	26	454.39	25	454.39	26	454.39	37	454.39	33	454.39	34
455.2	25	455.2	26	455.2	27	455.2	34	455.2	33	455.2	34
456.01	29	456.01	25	456.01	24	456.01	32	456.01	33	456.01	33
456.81	30	456.81	28	456.81	26	456.81	34	456.81	33	456.81	36
457.62	27	457.62	31	457.62	28	457.62	36	457.62	33	457.62	34
458.42	26	458.42	27	458.42	30	458.42	35	458.42	32	458.42	34
459.23	26	459.23	25	459.23	25	459.23	35	459.23	33	459.23	32
460.03	26	460.03	26	460.03	31	460.03	34	460.03	32	460.03	33
460.84	28	460.84	26	460.84	26	460.84	35	460.84	35	460.84	33
461.65	27	461.65	26	461.65	27	461.65	36	461.65	31	461.65	32
462.45	26	462.45	27	462.45	27	462.45	40	462.45	35	462.45	33
463.26	28	463.26	26	463.26	28	463.26	34	463.26	32	463.26	33
464.06	30	464.06	26	464.06	27	464.06	37	464.06	33	464.06	32
464.87	26	464.87	27	464.87	25	464.87	35	464.87	34	464.87	35
465.67	26	465.67	26	465.67	28	465.67	36	465.67	33	465.67	34
466.48	26	466.48	26	466.48	26	466.48	36	466.48	33	466.48	33
467.29	26	467.29	27	467.29	26	467.29	35	467.29	35	467.29	33
468.09	26	468.09	26	468.09	25	468.09	40	468.09	33	468.09	33
468.9	27	468.9	26	468.9	26	468.9	38	468.9	31	468.9	35
469.7	24	469.7	27	469.7	27	469.7	35	469.7	31	469.7	33
470.51	27	470.51	27	470.51	26	470.51	43	470.51	34	470.51	33
471.31	27	471.31	26	471.31	27	471.31	41	471.31	33	471.31	31
472.12	27	472.12	27	472.12	26	472.12	39	472.12	36	472.12	33
472.92	27	472.92	27	472.92	28	472.92	38	472.92	35	472.92	33
473.73	28	473.73	27	473.73	28	473.73	40	473.73	34	473.73	37
474.54	28	474.54	27	474.54	27	474.54	38	474.54	34	474.54	35
475.34	27	475.34	26	475.34	26	475.34	33	475.34	35	475.34	34
476.15	27	476.15	27	476.15	26	476.15	37	476.15	35	476.15	37
476.95	29	476.95	27	476.95	28	476.95	38	476.95	35	476.95	34
477.76	25	477.76	28	477.76	29	477.76	39	477.76	36	477.76	34
478.56	25	478.56	27	478.56	28	478.56	39	478.56	33	478.56	36
479.37	27	479.37	27	479.37	27	479.37	39	479.37	38	479.37	32
480.18	29	480.18	26	480.18	29	480.18	36	480.18	32	480.18	36
480.98	27	480.98	27	480.98	26	480.98	37	480.98	33	480.98	34
481.79	28	481.79	27	481.79	27	481.79	35	481.79	35	481.79	36
482.59	28	482.59	25	482.59	27	482.59	36	482.59	33	482.59	33
483.4	25	483.4	28	483.4	28	483.4	37	483.4	34	483.4	35
484.2	30	484.2	28	484.2	28	484.2	38	484.2	33	484.2	34
485.01	27	485.01	30	485.01	28	485.01	38	485.01	36	485.01	35
485.82	27	485.82	27	485.82	26	485.82	38	485.82	35	485.82	33
486.62	28	486.62	28	486.62	28	486.62	37	486.62	36	486.62	37
487.43	27	487.43	29	487.43	29	487.43	38	487.43	32	487.43	34
488.23	27	488.23	27	488.23	28	488.23	37	488.23	37	488.23	36
489.04	29	489.04	27	489.04	27	489.04	38	489.04	36	489.04	36
489.84	27	489.84	30	489.84	28	489.84	36	489.84	34	489.84	36
490.65	28	490.65	29	490.65	28	490.65	37	490.65	35	490.65	34
491.46	21	491.46	28	491.46	28	491.46	39	491.46	36	491.46	35
492.26	28	492.26	27	492.26	27	492.26	39	492.26	38	492.26	35
493.07	29	493.07	26	493.07	29	493.07	38	493.07	41	493.07	35
493.87	27	493.87	29	493.87	29	493.87	45	493.87	35	493.87	38
494.68	27	494.68	28	494.68	29	494.68	40	494.68	35	494.68	37
495.48	31	495.48	27	495.48	28	495.48	42	495.48	34	495.48	39
496.29	28	496.29	25	496.29	29	496.29	38	496.29	33	496.29	35
497.09	28	497.09	29	497.09	26	497.09	37	497.09	36	497.09	35
497.9	29	497.9	29	497.9	30	497.9	39	497.9	35	497.9	35
498.71	28	498.71	29	498.71	29	498.71	40	498.71	34	498.71	36
499.51	31	499.51	29	499.51	26	499.51	37	499.51	36	499.51	39
500.32	27	500.32	31	500.32	28	500.32	41	500.32	35	500.32	36
499.51	27	499.51	28	499.51	29	499.51	39	499.51	34	499.51	37
498.71	24	498.71	28	498.71	27	498.71	39	498.71	37	498.71	34
497.9	29	497.9	29	497.9	28	497.9	38	497.9	35	497.9	35
497.09	29	497.09	28	497.09	28	497.09	37	497.09	35	497.09	33
496.29	27	496.29	27	496.29	27	496.29	37	496.29	34	496.29	34
495.48	27	495.48	27	495.48	25	495.48	35	495.48	36	495.48	34
494.68	27	494.68	28	494.68	25	494.68	32	494.68	35	494.68	36
493.87	25	493.87	28	493.87	22	493.87	36	493.87	36	493.87	32
493.07	26	493.07	26	493.07	25	493.07	33	493.07	31	493.07	33
492.26	25	492.26	27	492.26	25	492.26	34	492.26	34	492.26	32
491.46	26	491.46	26	491.46	23	491.46	34	491.46	34	491.46	31
490.65	25	490.65	25	490.65	26	490.65	33	490.65	31	490.65	33
489.84	23	489.84	23	489.84	25	489.84	32	489.84	30	489.84	30
489.04	25	489.04	25	489.04	23	489.04	33	489.04	31	489.04	24
488.23	26	488.23	23	488.23	22	488.23	31	488.23	30	488.23	32
487.43	22	487.43	22	487.43	23	487.43	31	487.43	30	487.43	29
486.62	22	486.62	21	486.62	23	486.62	30	486.62	29	486.62	28
485.82	22	485.82	22	485.82	20	485.82	31	485.82	28	485.82	27
485.01	21	485.01	22	485.01	21	485.01	31	485.01	27	485.01	30
484.2	19	484.2	24	484.2	22	484.2	29	484.2	29	484.2	30
483.4	21	483.4	21	483.4	21	483.4	30	483.4	27	483.4	25
482.59	22	482.59	22	482.59	22	482.59	29	482.59	25	482.59	28
481.79	20	481.79	18	481.79	19	481.79	30	481.79	28	481.79	28
480.98	19	480.98	21	480.98	19	480.98	28	480.98	27	480.98	27
480.18	20	480.18	19	480.18	21	480.18	29	480.18	27	480.18	25
479.37	21	479.37	19	479.37	18	479.37	29	479.37	25	479.37	28
478.56	20	478.56	21	478.56	19	478.56	27	478.56	27	478.56	26
477.76	20	477.76	22	477.76	18	477.76	23	477.76	18	477.76	24
476.95	20	476.95	21	476.95	18	476.95	28	476.95	25	476.95	26
476.15	19	476.15	19	476.15	19	476.15	28	476.15	25	476.15	22
475.34	19	475.34	18	475.34	19	475.34	29	475.34	24	475.34	25
474.54	20	474.54	19	474.54	14	474.54	26	474.54	26	474.54	20
473.73	18	473.73	18	473.73	19	473.73	25	473.73	22	473.73	25
472.92	20	472.92	17	472.92	17	472.92	26	472.92	24	472.92	23
472.12	20	472.12	17	472.12	17	472.12	24	472.12	23	472.12	22
471.31	18	471.31	16	471.31	18	471.31	26	471.31	26	471.31	21
470.51	18	470.51	17	470.51	17	470.51	25	470.51	24	470.51	22
469.7	16	469.7	16	469.7	17	469.7	27	469.7	25	469.7	20
468.9	16	468.9	17	468.9	13	468.9	25	468.9	20	468.9	22
468.09	17	468.09	14	468.09	15	468.09	28	468.09	23	468.09	20
467.29	17	467.29	16	467.29	16	467.29	23	467.29	21	467.29	21
466.48	16	466.48	17	466.48	16	466.48	26	466.48	22	466.48	20
465.67	16	465.67	16	465.67	16	465.67	23	465.67	20	465.67	20
464.87	16	464.87	14	464.87	16	464.87	24	464.87	24	464.87	21
464.06	16	464.06	17	464.06	16	464.06	23	464.06	20	464.06	20
463.26	15	463.26	14	463.26	17	463.26	24	463.26	21	463.26	20
462.45	16	462.45	15	462.45	18	462.45	22	462.45	17	462.45	20
461.65	19	461.65	16	461.65	16	461.65	24	461.65	20	461.65	21
460.84	15	460.84	17	460.84	15	460.84	23	460.84	19	460.84	19
460.03	13	460.03	17	460.03	14	460.03	24	460.03	18	460.03	19
459.23	14	459.23	15	459.23	13	459.23	23	459.23	20	459.23	16
458.42	14	458.42	14	458.42	13	458.42	23	458.42	21	458.42	14
457.62	12	457.62	14	457.62	14	457.62	22	457.62	18	457.62	17
456.81	13	456.81	15	456.81	15	456.81	22	456.81	19	456.81	18
456.01	15	456.01	16	456.01	12	456.01	21	456.01	19	456.01	18
455.2	13	455.2	14	455.2	15	455.2	21	455.2	17	455.2	16
454.39	14	454.39	13	454.39	14	454.39	20	454.39	20	454.39	18
453.59	14	453.59	14	453.59	12	453.59	20	453.59	22	453.59	19
452.78	14	452.78	12	452.78	12	452.78	19	452.78	12	452.78	17
451.98	10	451.98	12	451.98	7	451.98	21	451.98	17	451.98	16
451.17	11	451.17	10	451.17	13	451.17	19	451.17	18	451.17	18
450.37	11	450.37	12	450.37	13	450.37	18	450.37	16	450.37	15
449.56	12	449.56	11	449.56	13	449.56	20	449.56	16	449.56	17
448.75	13	448.75	12	448.75	11	448.75	20	448.75	24	448.75	19
447.95	12	447.95	11	447.95	13	447.95	19	447.95	15	447.95	16
447.14	13	447.14	13	447.14	11	447.14	15	447.14	13	447.14	16
446.34	11	446.34	13	446.34	11	446.34	19	446.34	15	446.34	18
445.53	11	445.53	11	445.53	10	445.53	16	445.53	14	445.53	19
444.73	13	444.73	10	444.73	11	444.73	17	444.73	15	444.73	17
443.92	10	443.92	11	443.92	11	443.92	16	443.92	15	443.92	11
443.12	11	443.12	11	443.12	10	443.12	13	443.12	16	443.12	18
442.31	13	442.31	12	442.31	10	442.31	16	442.31	14	442.31	15
441.5	11	441.5	13	441.5	10	441.5	16	441.5	15	441.5	15
440.7	11	440.7	12	440.7	11	440.7	17	440.7	15	440.7	14
439.89	10	439.89	18	439.89	12	439.89	17	439.89	14	439.89	14
439.09	11	439.09	11	439.09	10	439.09	10	439.09	13	439.09	14
438.28	13	438.28	11	438.28	11	438.28	17	438.28	13	438.28	9
437.48	12	437.48	10	437.48	8	437.48	17	437.48	13	437.48	14
436.67	9	436.67	8	436.67	4	436.67	15	436.67	14	436.67	14
435.86	9	435.86	12	435.86	10	435.86	8	435.86	14	435.86	14
435.06	11	435.06	11	435.06	11	435.06	13	435.06	14	435.06	10
434.25	12	434.25	8	434.25	9	434.25	16	434.25	13	434.25	14
433.45	8	433.45	10	433.45	10	433.45	15	433.45	13	433.45	13
432.64	7	432.64	8	432.64	9	432.64	16	432.64	13	432.64	15
431.84	12	431.84	7	431.84	11	431.84	17	431.84	13	431.84	14
431.03	10	431.03	8	431.03	10	431.03	15	431.03	14	431.03	14
430.22	11	430.22	8	430.22	11	430.22	15	430.22	13	430.22	14
429.42	8	429.42	10	429.42	9	429.42	12	429.42	14	429.42	17
428.61	10	428.61	8	428.61	9	428.61	15	428.61	10	428.61	12
427.81	8	427.81	6	427.81	7	427.81	12	427.81	11	427.81	12
427	9	427	9	427	7	427	15	427	10	427	11
426.2	7	426.2	7	426.2	15	426.2	13	426.2	11	426.2	11
425.39	8	425.39	6	425.39	10	425.39	15	425.39	14	425.39	9
424.58	7	424.58	7	424.58	9	424.58	19	424.58	12	424.58	11
423.78	7	423.78	7	423.78	7	423.78	13	423.78	7	423.78	12
422.97	7	422.97	11	422.97	10	422.97	13	422.97	10	422.97	11
422.17	7	422.17	3	422.17	10	422.17	14	422.17	10	422.17	10
421.36	10	421.36	7	421.36	7	421.36	13	421.36	10	421.36	10
420.56	7	420.56	7	420.56	8	420.56	12	420.56	9	420.56	11
419.75	7	419.75	7	419.75	8	419.75	13	419.75	7	419.75	8
418.95	7	418.95	7	418.95	7	418.95	9	418.95	10	418.95	10
418.14	8	418.14	7	418.14	7	418.14	12	418.14	8	418.14	8
417.33	6	417.33	8	417.33	8	417.33	10	417.33	8	417.33	9
416.53	6	416.53	7	416.53	7	416.53	12	416.53	10	416.53	10
415.72	7	415.72	6	415.72	6	415.72	12	415.72	10	415.72	11
414.92	6	414.92	8	414.92	8	414.92	13	414.92	10	414.92	9
414.11	6	414.11	8	414.11	6	414.11	11	414.11	9	414.11	12
413.31	8	413.31	4	413.31	7	413.31	12	413.31	11	413.31	15
412.5	8	412.5	7	412.5	8	412.5	12	412.5	10	412.5	10
411.69	6	411.69	6	411.69	6	411.69	16	411.69	8	411.69	11
410.89	7	410.89	7	410.89	8	410.89	12	410.89	8	410.89	11
410.08	6	410.08	7	410.08	5	410.08	10	410.08	9	410.08	12
409.28	7	409.28	5	409.28	7	409.28	11	409.28	9	409.28	10
408.47	5	408.47	2	408.47	4	408.47	11	408.47	10	408.47	10
407.67	10	407.67	7	407.67	5	407.67	10	407.67	8	407.67	10
406.86	1	406.86	7	406.86	4	406.86	13	406.86	8	406.86	9
406.05	5	406.05	6	406.05	5	406.05	12	406.05	9	406.05	8
405.25	6	405.25	7	405.25	4	405.25	7	405.25	6	405.25	8
404.44	4	404.44	6	404.44	4	404.44	11	404.44	8	404.44	12
403.64	5	403.64	4	403.64	5	403.64	11	403.64	7	403.64	7
402.83	6	402.83	6	402.83	7	402.83	11	402.83	6	402.83	8
402.03	6	402.03	4	402.03	5	402.03	7	402.03	5	402.03	9
401.22	3	401.22	4	401.22	5	401.22	11	401.22	9	401.22	7
400.42	3	400.42	4	400.42	1	400.42	8	400.42	8	400.42	9
399.61	6	399.61	4	399.61	6	399.61	7	399.61	8	399.61	9
398.8	6	398.8	4	398.8	3	398.8	9	398.8	7	398.8	6
398	3	398	6	398	5	398	7	398	8	398	9
397.19	5	397.19	3	397.19	4	397.19	10	397.19	4	397.19	7
396.39	4	396.39	4	396.39	4	396.39	10	396.39	5	396.39	5
395.58	4	395.58	3	395.58	4	395.58	8	395.58	8	395.58	6
394.78	3	394.78	0	394.78	4	394.78	11	394.78	6	394.78	4
393.97	4	393.97	4	393.97	6	393.97	9	393.97	8	393.97	6
393.16	6	393.16	2	393.16	4	393.16	3	393.16	7	393.16	7
392.36	4	392.36	6	392.36	4	392.36	8	392.36	5	392.36	6
391.55	5	391.55	3	391.55	7	391.55	15	391.55	6	391.55	5
390.75	3	390.75	4	390.75	5	390.75	7	390.75	7	390.75	7
389.94	5	389.94	3	389.94	4	389.94	7	389.94	6	389.94	5
389.14	3	389.14	5	389.14	4	389.14	8	389.14	7	389.14	4
388.33	6	388.33	5	388.33	3	388.33	6	388.33	5	388.33	5
387.52	2	387.52	4	387.52	4	387.52	6	387.52	4	387.52	5
386.72	1	386.72	3	386.72	2	386.72	9	386.72	8	386.72	4
385.91	4	385.91	2	385.91	3	385.91	1	385.91	5	385.91	4
385.11	2	385.11	4	385.11	4	385.11	8	385.11	5	385.11	7
384.3	-1	384.3	3	384.3	5	384.3	6	384.3	5	384.3	6
383.5	5	383.5	5	383.5	4	383.5	7	383.5	6	383.5	3
382.69	0	382.69	3	382.69	1	382.69	9	382.69	6	382.69	7
381.88	3	381.88	2	381.88	2	381.88	10	381.88	5	381.88	4
381.08	2	381.08	1	381.08	3	381.08	6	381.08	1	381.08	4
380.27	3	380.27	2	380.27	4	380.27	7	380.27	3	380.27	1
379.47	5	379.47	2	379.47	3	379.47	7	379.47	5	379.47	3
378.66	3	378.66	1	378.66	2	378.66	8	378.66	5	378.66	7
377.86	1	377.86	2	377.86	2	377.86	6	377.86	5	377.86	3
377.05	3	377.05	1	377.05	3	377.05	5	377.05	4	377.05	4
376.25	2	376.25	2	376.25	0	376.25	8	376.25	4	376.25	3
375.44	-1	375.44	1	375.44	2	375.44	6	375.44	5	375.44	2
374.63	2	374.63	2	374.63	2	374.63	7	374.63	4	374.63	3
373.83	0	373.83	4	373.83	2	373.83	7	373.83	4	373.83	1
373.02	2	373.02	1	373.02	2	373.02	6	373.02	3	373.02	4
372.22	3	372.22	1	372.22	1	372.22	6	372.22	4	372.22	4
371.41	2	371.41	4	371.41	4	371.41	7	371.41	3	371.41	4
370.61	5	370.61	2	370.61	1	370.61	5	370.61	1	370.61	2
369.8	0	369.8	3	369.8	2	369.8	7	369.8	2	369.8	3
368.99	-2	368.99	2	368.99	3	368.99	7	368.99	2	368.99	3
368.19	0	368.19	4	368.19	4	368.19	4	368.19	0	368.19	4
367.38	2	367.38	2	367.38	7	367.38	5	367.38	5	367.38	2
366.58	2	366.58	3	366.58	2	366.58	6	366.58	1	366.58	3
365.77	-2	365.77	6	365.77	1	365.77	4	365.77	2	365.77	0
364.97	0	364.97	0	364.97	1	364.97	3	364.97	3	364.97	4
364.16	1	364.16	3	364.16	2	364.16	3	364.16	3	364.16	4
363.35	3	363.35	0	363.35	1	363.35	4	363.35	1	363.35	6
362.55	0	362.55	1	362.55	1	362.55	4	362.55	3	362.55	1
361.74	-1	361.74	3	361.74	0	361.74	5	361.74	4	361.74	1
360.94	1	360.94	0	360.94	0	360.94	8	360.94	0	360.94	2
360.13	-1	360.13	-1	360.13	1	360.13	3	360.13	4	360.13	-2
359.33	-2	359.33	5	359.33	2	359.33	6	359.33	-1	359.33	6
358.52	-1	358.52	4	358.52	2	358.52	4	358.52	2	358.52	2
357.71	1	357.71	-1	357.71	1	357.71	4	357.71	0	357.71	10
356.91	3	356.91	1	356.91	0	356.91	4	356.91	2	356.91	0
356.1	1	356.1	4	356.1	2	356.1	5	356.1	-2	356.1	2
355.3	0	355.3	1	355.3	-2	355.3	10	355.3	0	355.3	2
354.49	0	354.49	-1	354.49	-2	354.49	4	354.49	1	354.49	0
353.69	1	353.69	0	353.69	-1	353.69	4	353.69	1	353.69	0
352.88	-1	352.88	2	352.88	1	352.88	3	352.88	1	352.88	-1
352.08	6	352.08	5	352.08	-3	352.08	3	352.08	-1	352.08	0
351.27	0	351.27	-1	351.27	-1	351.27	4	351.27	1	351.27	-10
350.46	-3	350.46	0	350.46	-1	350.46	2	350.46	1	350.46	0
349.66	-1	349.66	-2	349.66	-1	349.66	2	349.66	2	349.66	1
348.85	-1	348.85	-2	348.85	0	348.85	3	348.85	2	348.85	-4
348.05	-1	348.05	-3	348.05	-1	348.05	1	348.05	2	348.05	2
347.24	-1	347.24	-3	347.24	0	347.24	5	347.24	1	347.24	1
346.44	-2	346.44	-2	346.44	-1	346.44	2	346.44	2	346.44	-1
345.63	-2	345.63	-3	345.63	0	345.63	3	345.63	5	345.63	0
344.82	-3	344.82	-1	344.82	0	344.82	5	344.82	2	344.82	-2
344.02	-3	344.02	6	344.02	0	344.02	3	344.02	0	344.02	2
343.21	-1	343.21	-2	343.21	-1	343.21	3	343.21	1	343.21	1
342.41	-2	342.41	-1	342.41	-2	342.41	2	342.41	3	342.41	1
341.6	-2	341.6	-2	341.6	0	341.6	4	341.6	0	341.6	-2
340.8	-2	340.8	-1	340.8	-3	340.8	2	340.8	3	340.8	0
339.99	-4	339.99	-3	339.99	-3	339.99	2	339.99	0	339.99	-1
339.18	-2	339.18	0	339.18	-3	339.18	3	339.18	0	339.18	1
338.38	-1	338.38	-2	338.38	0	338.38	0	338.38	1	338.38	-2
337.57	-2	337.57	-2	337.57	1	337.57	3	337.57	0	337.57	0
336.77	-2	336.77	-3	336.77	0	336.77	-2	336.77	-7	336.77	-2
335.96	0	335.96	0	335.96	-3	335.96	1	335.96	2	335.96	-2
335.16	-3	335.16	1	335.16	-1	335.16	1	335.16	-2	335.16	-1
334.35	-4	334.35	-2	334.35	-1	334.35	1	334.35	1	334.35	0
333.54	-1	333.54	-2	333.54	-3	333.54	-2	333.54	-2	333.54	-1
332.74	0	332.74	-1	332.74	-2	332.74	1	332.74	-1	332.74	0
331.93	11	331.93	-2	331.93	-3	331.93	0	331.93	0	331.93	-1
331.13	-2	331.13	-3	331.13	-3	331.13	1	331.13	-2	331.13	-1
330.32	-3	330.32	-4	330.32	-3	330.32	1	330.32	-1	330.32	-7
329.52	-5	329.52	-3	329.52	-2	329.52	2	329.52	-3	329.52	-7
328.71	-4	328.71	-3	328.71	-3	328.71	1	328.71	-4	328.71	-3
327.91	-2	327.91	-4	327.91	-4	327.91	3	327.91	0	327.91	1
327.1	-3	327.1	-3	327.1	-3	327.1	1	327.1	-2	327.1	0
326.29	-3	326.29	-3	326.29	-4	326.29	4	326.29	-2	326.29	0
325.49	-3	325.49	-3	325.49	-3	325.49	2	325.49	-2	325.49	-3
324.68	0	324.68	-2	324.68	-3	324.68	2	324.68	-2	324.68	3
323.88	-3	323.88	-4	323.88	-2	323.88	1	323.88	-4	323.88	-1
323.07	-4	323.07	-3	323.07	-3	323.07	1	323.07	-5	323.07	-2
322.27	-3	322.27	-2	322.27	-4	322.27	2	322.27	-1	322.27	1
321.46	-3	321.46	0	321.46	-2	321.46	1	321.46	-3	321.46	-2
320.65	-2	320.65	-5	320.65	-3	320.65	-2	320.65	-1	320.65	-2
319.85	-4	319.85	-5	319.85	-4	319.85	3	319.85	1	319.85	-1
319.04	-3	319.04	-3	319.04	2	319.04	1	319.04	-1	319.04	-1
318.24	-4	318.24	-4	318.24	-2	318.24	3	318.24	-1	318.24	-4
317.43	-5	317.43	-4	317.43	-4	317.43	0	317.43	1	317.43	-3
316.63	-6	316.63	-3	316.63	-4	316.63	0	316.63	-1	316.63	-4
315.82	-4	315.82	-4	315.82	-4	315.82	-1	315.82	0	315.82	-1
315.01	0	315.01	-3	315.01	-4	315.01	-2	315.01	-3	315.01	-2
314.21	-4	314.21	-9	314.21	-5	314.21	0	314.21	-4	314.21	-1
313.4	-4	313.4	-4	313.4	-4	313.4	1	313.4	-4	313.4	-2
312.6	2	312.6	-6	312.6	-3	312.6	-1	312.6	-3	312.6	-2
311.79	-4	311.79	0	311.79	-5	311.79	-1	311.79	-4	311.79	-3
310.99	-4	310.99	-5	310.99	-4	310.99	-1	310.99	-2	310.99	-4
310.18	-4	310.18	-5	310.18	-5	310.18	-1	310.18	-3	310.18	-5
309.38	-5	309.38	-4	309.38	-4	309.38	0	309.38	-4	309.38	-3
308.57	-4	308.57	-4	308.57	-4	308.57	-3	308.57	-3	308.57	-7
307.76	-8	307.76	-3	307.76	-8	307.76	-2	307.76	-4	307.76	4
306.96	-5	306.96	-4	306.96	-4	306.96	1	306.96	-4	306.96	-3
306.15	-5	306.15	-3	306.15	-6	306.15	-2	306.15	-6	306.15	-4
305.35	-5	305.35	-1	305.35	-4	305.35	0	305.35	-2	305.35	-5
304.54	-4	304.54	-5	304.54	-4	304.54	-2	304.54	-3	304.54	-4
303.74	-3	303.74	-7	303.74	-6	303.74	-4	303.74	-3	303.74	-4
302.93	-5	302.93	-5	302.93	-6	302.93	-5	302.93	-4	302.93	-4
302.12	-6	302.12	-5	302.12	-3	302.12	-6	302.12	2	302.12	-2
301.32	-4	301.32	-7	301.32	-5	301.32	-4	301.32	-6	301.32	-3
300.51	-6	300.51	-6	300.51	-6	300.51	-4	300.51	-5	300.51	-5
299.71	-2	299.71	-5	299.71	-8	299.71	-4	299.71	-6	299.71	-4
298.9	-5	298.9	-7	298.9	-8	298.9	-2	298.9	-6	298.9	-4
298.1	-6	298.1	-6	298.1	-6	298.1	-3	298.1	-6	298.1	-3
297.29	-6	297.29	-7	297.29	-8	297.29	-3	297.29	-5	297.29	-6
296.48	-6	296.48	-6	296.48	-5	296.48	-2	296.48	-4	296.48	-5
295.68	-5	295.68	-4	295.68	-6	295.68	-2	295.68	-2	295.68	-5
294.87	-2	294.87	-4	294.87	-6	294.87	-3	294.87	-4	294.87	-3
294.07	-4	294.07	-6	294.07	-6	294.07	-3	294.07	-5	294.07	-8
293.26	-5	293.26	-5	293.26	-5	293.26	-2	293.26	-4	293.26	-4
292.46	-6	292.46	-7	292.46	-6	292.46	-2	292.46	-5	292.46	-5
291.65	1	291.65	-4	291.65	-5	291.65	-5	291.65	-6	291.65	-4
290.84	-6	290.84	-6	290.84	-6	290.84	-2	290.84	-5	290.84	-5
290.04	-6	290.04	-7	290.04	-3	290.04	-3	290.04	-5	290.04	-4
289.23	-6	289.23	-5	289.23	-6	289.23	-2	289.23	-5	289.23	-4
288.43	-6	288.43	-4	288.43	-7	288.43	-5	288.43	-4	288.43	-6
287.62	-6	287.62	-6	287.62	-5	287.62	-3	287.62	-5	287.62	-5
286.82	-7	286.82	-5	286.82	-8	286.82	-4	286.82	-6	286.82	-5
286.01	-7	286.01	-5	286.01	-7	286.01	-2	286.01	-7	286.01	-5
285.21	-7	285.21	-5	285.21	-6	285.21	-3	285.21	-8	285.21	-6
284.4	-4	284.4	-7	284.4	-7	284.4	-2	284.4	-8	284.4	-8
283.59	-6	283.59	-7	283.59	-5	283.59	-2	283.59	-8	283.59	-6
282.79	-6	282.79	-5	282.79	-5	282.79	-3	282.79	-6	282.79	-6
281.98	-4	281.98	-5	281.98	-7	281.98	-8	281.98	-8	281.98	-6
281.18	-6	281.18	-10	281.18	-5	281.18	-6	281.18	-5	281.18	-7
280.37	-6	280.37	-7	280.37	-7	280.37	-5	280.37	-7	280.37	-6
279.57	-7	279.57	-7	279.57	-8	279.57	-4	279.57	-15	279.57	-11
278.76	-7	278.76	-9	278.76	-7	278.76	-1	278.76	-5	278.76	-5
277.95	-7	277.95	-8	277.95	-7	277.95	-2	277.95	-6	277.95	-6
277.15	-7	277.15	-7	277.15	-6	277.15	-4	277.15	-4	277.15	-5
276.34	-7	276.34	-8	276.34	-8	276.34	-4	276.34	-7	276.34	-4
275.54	-6	275.54	-8	275.54	-7	275.54	-4	275.54	-7	275.54	-6
274.73	-7	274.73	-9	274.73	-7	274.73	-6	274.73	-8	274.73	-8
273.93	-5	273.93	-9	273.93	-8	273.93	-3	273.93	-5	273.93	-6
273.12	-7	273.12	-8	273.12	-8	273.12	-4	273.12	-6	273.12	-3
272.31	-6	272.31	-5	272.31	-8	272.31	-5	272.31	-7	272.31	-5
271.51	-7	271.51	-6	271.51	-9	271.51	-2	271.51	-3	271.51	-6
270.7	-7	270.7	-7	270.7	-7	270.7	-5	270.7	-6	270.7	-6
269.9	-7	269.9	-6	269.9	-6	269.9	-3	269.9	-8	269.9	-8
269.09	-7	269.09	-6	269.09	-8	269.09	0	269.09	-6	269.09	-6
268.29	-8	268.29	-7	268.29	-7	268.29	-7	268.29	-4	268.29	-8
267.48	-6	267.48	-7	267.48	-7	267.48	-4	267.48	-8	267.48	-12
266.67	-9	266.67	-9	266.67	-8	266.67	1	266.67	-7	266.67	-7
265.87	-8	265.87	-6	265.87	-8	265.87	-6	265.87	-12	265.87	-8
265.06	-7	265.06	-5	265.06	-7	265.06	-5	265.06	-3	265.06	-7
264.26	-7	264.26	-9	264.26	-8	264.26	-7	264.26	-7	264.26	-7
263.45	-6	263.45	-9	263.45	-7	263.45	-6	263.45	-6	263.45	-6
262.65	-8	262.65	-9	262.65	-9	262.65	-6	262.65	-6	262.65	-5
261.84	-7	261.84	-7	261.84	-8	261.84	-4	261.84	-8	261.84	-6
261.04	-7	261.04	-9	261.04	-9	261.04	-4	261.04	-7	261.04	-8
260.23	-6	260.23	-6	260.23	-8	260.23	-6	260.23	-7	260.23	-7
259.42	-9	259.42	-10	259.42	-7	259.42	-4	259.42	-3	259.42	-8
258.62	-6	258.62	-6	258.62	-9	258.62	-4	258.62	-7	258.62	-9
257.81	-9	257.81	-9	257.81	-7	257.81	-4	257.81	-5	257.81	-8
257.01	-9	257.01	-8	257.01	-6	257.01	-5	257.01	-7	257.01	-10
256.2	-8	256.2	-9	256.2	-9	256.2	-6	256.2	-7	256.2	-9
255.4	-7	255.4	-11	255.4	-7	255.4	-8	255.4	-7	255.4	-8
254.59	-8	254.59	-9	254.59	-7	254.59	-7	254.59	-8	254.59	-8
253.78	-7	253.78	-10	253.78	-7	253.78	-4	253.78	-10	253.78	-8
252.98	-6	252.98	-7	252.98	-9	252.98	-5	252.98	-9	252.98	-9
252.17	-7	252.17	-7	252.17	-8	252.17	-6	252.17	-10	252.17	-5
251.37	-11	251.37	-8	251.37	-8	251.37	-6	251.37	-7	251.37	-11
250.56	-6	250.56	-9	250.56	-9	250.56	-16	250.56	-8	250.56	-10
249.76	-7	249.76	-7	249.76	-8	249.76	-5	249.76	-7	249.76	-7
248.95	-9	248.95	-9	248.95	-11	248.95	-5	248.95	-8	248.95	-6
248.14	-9	248.14	-7	248.14	-11	248.14	-6	248.14	-9	248.14	-11
247.34	-9	247.34	-7	247.34	-9	247.34	-7	247.34	-8	247.34	-8
246.53	-10	246.53	-8	246.53	-8	246.53	-4	246.53	-7	246.53	-8
245.73	-15	245.73	-3	245.73	-5	245.73	-6	245.73	-11	245.73	-8
244.92	-10	244.92	-12	244.92	-7	244.92	-6	244.92	-5	244.92	-10
244.12	-9	244.12	-8	244.12	-9	244.12	-7	244.12	-7	244.12	-8
243.31	-11	243.31	-8	243.31	-9	243.31	-6	243.31	-5	243.31	-10
242.5	-11	242.5	-10	242.5	-8	242.5	-8	242.5	-10	242.5	-9
241.7	-11	241.7	-9	241.7	-7	241.7	-5	241.7	-11	241.7	-9
240.89	-10	240.89	-8	240.89	-9	240.89	-8	240.89	-11	240.89	-10
240.09	-10	240.09	-5	240.09	-10	240.09	-5	240.09	-10	240.09	-12
239.28	-9	239.28	-9	239.28	-11	239.28	-6	239.28	-9	239.28	-9
238.48	-9	238.48	-9	238.48	-10	238.48	-6	238.48	-9	238.48	-10
237.67	-11	237.67	-10	237.67	-11	237.67	-7	237.67	-7	237.67	-8
236.87	-10	236.87	-8	236.87	-8	236.87	-7	236.87	-9	236.87	-7
236.06	-11	236.06	-8	236.06	-8	236.06	-8	236.06	-8	236.06	-10
235.25	-11	235.25	-8	235.25	-10	235.25	-9	235.25	-9	235.25	-8
234.45	-7	234.45	-10	234.45	-10	234.45	-8	234.45	-8	234.45	-8
233.64	-11	233.64	-13	233.64	-10	233.64	-9	233.64	-10	233.64	-9
232.84	-12	232.84	-9	232.84	-9	232.84	-7	232.84	-9	232.84	-12
232.03	-14	232.03	-9	232.03	-8	232.03	-6	232.03	-9	232.03	-9
231.23	-10	231.23	-8	231.23	-9	231.23	-6	231.23	-12	231.23	-8
230.42	-10	230.42	-9	230.42	-10	230.42	-8	230.42	-11	230.42	-10
229.61	-10	229.61	-11	229.61	-10	229.61	-10	229.61	-10	229.61	-8
228.81	-10	228.81	-11	228.81	-8	228.81	-9	228.81	-10	228.81	-11
228	-10	228	-10	228	-13	228	-9	228	-10	228	-12
227.2	-10	227.2	-10	227.2	-10	227.2	-9	227.2	-6	227.2	-11
226.39	-9	226.39	-9	226.39	-11	226.39	-7	226.39	-10	226.39	-10
225.59	-10	225.59	-10	225.59	-10	225.59	-7	225.59	-12	225.59	-9
224.78	-8	224.78	-10	224.78	-11	224.78	-7	224.78	-9	224.78	-8
223.97	-11	223.97	-11	223.97	-11	223.97	-8	223.97	-9	223.97	-11
223.17	-13	223.17	-13	223.17	-9	223.17	-11	223.17	-11	223.17	-9
222.36	-10	222.36	-8	222.36	-11	222.36	-7	222.36	-10	222.36	-10
221.56	-11	221.56	-9	221.56	-10	221.56	-8	221.56	-10	221.56	-9
220.75	-8	220.75	-9	220.75	-9	220.75	-8	220.75	-12	220.75	-10
219.95	-11	219.95	-9	219.95	-10	219.95	-8	219.95	-16	219.95	-11
219.14	-10	219.14	-10	219.14	-9	219.14	-9	219.14	-9	219.14	-11
218.33	-17	218.33	-11	218.33	-8	218.33	-9	218.33	-10	218.33	-10
217.53	-11	217.53	-12	217.53	-11	217.53	-8	217.53	-12	217.53	-12
216.72	-16	216.72	-12	216.72	-10	216.72	-7	216.72	-11	216.72	-10
215.92	-11	215.92	-10	215.92	-11	215.92	-9	215.92	-10	215.92	-12
215.11	-12	215.11	-10	215.11	-11	215.11	-9	215.11	-11	215.11	-11
214.31	-10	214.31	-10	214.31	-13	214.31	-9	214.31	-4	214.31	-13
213.5	-13	213.5	-5	213.5	-11	213.5	-6	213.5	-12	213.5	-13
212.7	-14	212.7	-11	212.7	-10	212.7	-9	212.7	-11	212.7	-12
211.89	-12	211.89	-10	211.89	-10	211.89	-8	211.89	-11	211.89	-11
211.08	-10	211.08	-11	211.08	-12	211.08	-8	211.08	-11	211.08	-7
210.28	-13	210.28	-9	210.28	-15	210.28	-9	210.28	-12	210.28	-11
209.47	-13	209.47	-11	209.47	-11	209.47	-8	209.47	-12	209.47	-10
208.67	-12	208.67	-10	208.67	-11	208.67	-9	208.67	-11	208.67	-10
207.86	-13	207.86	-12	207.86	-13	207.86	-9	207.86	-13	207.86	-10
207.06	-11	207.06	-11	207.06	-11	207.06	-8	207.06	-12	207.06	-11
206.25	-17	206.25	-12	206.25	-10	206.25	-10	206.25	-10	206.25	-10
205.44	-11	205.44	-12	205.44	-11	205.44	-10	205.44	-10	205.44	-10
204.64	-10	204.64	-11	204.64	-11	204.64	-8	204.64	-10	204.64	-10
203.83	-13	203.83	-11	203.83	-14	203.83	-9	203.83	-12	203.83	-10
203.03	-18	203.03	-8	203.03	-12	203.03	-9	203.03	-11	203.03	-10
202.22	-12	202.22	-11	202.22	-12	202.22	-9	202.22	-11	202.22	-13
201.42	-12	201.42	-11	201.42	-11	201.42	-9	201.42	-12	201.42	-11
200.61	-11	200.61	-11	200.61	-13	200.61	-6	200.61	-12	200.61	-12
199.8	-12	199.8	-12	199.8	-17	199.8	-8	199.8	-12	199.8	-12
199	-13	199	-10	199	-13	199	-8	199	-13	199	-12
198.19	-11	198.19	-12	198.19	-14	198.19	-7	198.19	-10	198.19	-13
197.39	-11	197.39	-11	197.39	-14	197.39	-10	197.39	-11	197.39	-13
196.58	-12	196.58	-11	196.58	-12	196.58	-10	196.58	-12	196.58	-14
195.78	-11	195.78	-12	195.78	-14	195.78	-11	195.78	-13	195.78	-9
194.97	-13	194.97	-12	194.97	-12	194.97	-10	194.97	-11	194.97	-12
194.17	-12	194.17	-12	194.17	-8	194.17	-9	194.17	-14	194.17	-16
193.36	-11	193.36	-13	193.36	-11	193.36	-10	193.36	-13	193.36	-11
192.55	-12	192.55	-11	192.55	-11	192.55	-10	192.55	-15	192.55	-12
191.75	-17	191.75	-11	191.75	-12	191.75	-5	191.75	-11	191.75	-11
190.94	-12	190.94	-13	190.94	-12	190.94	-5	190.94	-12	190.94	-12
190.14	-11	190.14	-13	190.14	-10	190.14	-8	190.14	-13	190.14	-10
189.33	-11	189.33	-11	189.33	-12	189.33	-11	189.33	-15	189.33	-5
188.53	-11	188.53	-11	188.53	-12	188.53	-10	188.53	-10	188.53	-12
187.72	-13	187.72	-12	187.72	-13	187.72	-11	187.72	-13	187.72	-13
186.91	-12	186.91	-10	186.91	-11	186.91	-9	186.91	-15	186.91	-14
186.11	-10	186.11	-11	186.11	-11	186.11	-11	186.11	-10	186.11	-14
185.3	-10	185.3	-11	185.3	-14	185.3	-12	185.3	-12	185.3	-13
184.5	-12	184.5	-13	184.5	-12	184.5	-11	184.5	-10	184.5	-13
183.69	-10	183.69	-12	183.69	-12	183.69	-9	183.69	-13	183.69	-14
182.89	-11	182.89	-13	182.89	-13	182.89	-10	182.89	-16	182.89	-14
182.08	-11	182.08	-12	182.08	-12	182.08	-11	182.08	-15	182.08	-13
181.27	-13	181.27	-13	181.27	-14	181.27	-11	181.27	-17	181.27	-12
180.47	-14	180.47	-13	180.47	-15	180.47	-10	180.47	-11	180.47	-12
179.66	-12	179.66	-18	179.66	-11	179.66	-10	179.66	-13	179.66	-14
178.86	-10	178.86	-11	178.86	-15	178.86	-11	178.86	-12	178.86	-13
178.05	-8	178.05	-14	178.05	-15	178.05	-12	178.05	-13	178.05	-14
177.25	-11	177.25	-11	177.25	-14	177.25	-12	177.25	-13	177.25	-15
176.44	-15	176.44	-12	176.44	-16	176.44	-9	176.44	-12	176.44	-12
175.63	-16	175.63	-14	175.63	-15	175.63	-11	175.63	-12	175.63	-12
174.83	-13	174.83	-13	174.83	-13	174.83	-10	174.83	-13	174.83	-10
174.02	-16	174.02	-14	174.02	-13	174.02	-11	174.02	-12	174.02	-13
173.22	-21	173.22	-14	173.22	-14	173.22	-10	173.22	-13	173.22	-11
172.41	-12	172.41	-13	172.41	-13	172.41	-10	172.41	-13	172.41	-14
171.61	-14	171.61	-13	171.61	-14	171.61	-13	171.61	-13	171.61	-15
170.8	-17	170.8	-15	170.8	-16	170.8	-7	170.8	-13	170.8	-13
170	-14	170	-12	170	-15	170	-10	170	-12	170	-13
169.19	-14	169.19	-12	169.19	-14	169.19	-7	169.19	-12	169.19	-16
168.38	-13	168.38	-12	168.38	-14	168.38	-12	168.38	-16	168.38	-15
167.58	-13	167.58	-14	167.58	-14	167.58	-13	167.58	-16	167.58	-13
166.77	-20	166.77	-12	166.77	-13	166.77	-12	166.77	-14	166.77	-16
165.97	-11	165.97	-13	165.97	-13	165.97	-11	165.97	-14	165.97	-13
165.16	-15	165.16	-14	165.16	-14	165.16	-11	165.16	-11	165.16	-12
164.36	-19	164.36	-14	164.36	-12	164.36	-12	164.36	-12	164.36	-12
163.55	-14	163.55	-16	163.55	-14	163.55	-12	163.55	-13	163.55	-12
162.74	-15	162.74	-14	162.74	-15	162.74	-12	162.74	-15	162.74	-14
161.94	-14	161.94	-14	161.94	-14	161.94	-14	161.94	-13	161.94	-15
161.13	-13	161.13	-12	161.13	-12	161.13	-13	161.13	-13	161.13	-14
160.33	-12	160.33	-15	160.33	-16	160.33	-12	160.33	-14	160.33	-15
159.52	-14	159.52	-18	159.52	-15	159.52	-12	159.52	-14	159.52	-13
158.72	-15	158.72	-14	158.72	-13	158.72	-10	158.72	-13	158.72	-14
157.91	-15	157.91	-14	157.91	-14	157.91	-12	157.91	-16	157.91	-13
157.1	-14	157.1	-12	157.1	-14	157.1	-15	157.1	-16	157.1	-17
156.3	-14	156.3	-16	156.3	-13	156.3	-13	156.3	-16	156.3	-19
155.49	-14	155.49	-15	155.49	-13	155.49	-15	155.49	-15	155.49	-13
154.69	-14	154.69	-14	154.69	-9	154.69	-11	154.69	-15	154.69	-14
153.88	-16	153.88	-13	153.88	-14	153.88	-13	153.88	-15	153.88	-13
153.08	-15	153.08	-14	153.08	-15	153.08	-16	153.08	-14	153.08	-14
152.27	-14	152.27	-14	152.27	-13	152.27	-14	152.27	-18	152.27	-18
151.46	-15	151.46	-16	151.46	-14	151.46	-11	151.46	-15	151.46	-15
150.66	-13	150.66	-14	150.66	-15	150.66	-13	150.66	-16	150.66	-16
149.85	-14	149.85	-15	149.85	-14	149.85	-12	149.85	-15	149.85	-16
149.05	-17	149.05	-16	149.05	-14	149.05	-12	149.05	-17	149.05	-18
148.24	-14	148.24	-15	148.24	-15	148.24	-15	148.24	-17	148.24	-14
147.44	-14	147.44	-15	147.44	-14	147.44	-11	147.44	-14	147.44	-16
146.63	-15	146.63	-15	146.63	-15	146.63	-13	146.63	-11	146.63	-15
145.83	-17	145.83	-14	145.83	-15	145.83	-13	145.83	-19	145.83	-15
145.02	-15	145.02	-15	145.02	-15	145.02	-15	145.02	-16	145.02	-14
144.21	-15	144.21	-14	144.21	-17	144.21	-13	144.21	-16	144.21	-14
143.41	-15	143.41	-14	143.41	-17	143.41	-14	143.41	-16	143.41	-14
142.6	-14	142.6	-15	142.6	-15	142.6	-13	142.6	-17	142.6	-15
141.8	-20	141.8	-15	141.8	-13	141.8	-14	141.8	-16	141.8	-16
140.99	-16	140.99	-16	140.99	-14	140.99	-16	140.99	-16	140.99	-16
140.19	-15	140.19	-14	140.19	-15	140.19	-15	140.19	-12	140.19	-12
139.38	-16	139.38	-16	139.38	-15	139.38	-13	139.38	-17	139.38	-17
138.57	-15	138.57	-15	138.57	-16	138.57	-10	138.57	-17	138.57	-15
137.77	-15	137.77	-14	137.77	-14	137.77	-15	137.77	-14	137.77	-15
136.96	-15	136.96	-15	136.96	-15	136.96	-14	136.96	-13	136.96	-16
136.16	-14	136.16	-16	136.16	-15	136.16	-15	136.16	-19	136.16	-15
135.35	-15	135.35	-15	135.35	-16	135.35	-13	135.35	-18	135.35	-16
134.55	-17	134.55	-15	134.55	-15	134.55	-17	134.55	-16	134.55	-16
133.74	-17	133.74	-13	133.74	-17	133.74	-15	133.74	-14	133.74	-16
132.93	-14	132.93	-14	132.93	-16	132.93	-15	132.93	-17	132.93	-14
132.13	-17	132.13	-13	132.13	-15	132.13	-15	132.13	-16	132.13	-17
131.32	-16	131.32	-14	131.32	-12	131.32	-14	131.32	-17	131.32	-16
130.52	-17	130.52	-13	130.52	-15	130.52	-9	130.52	-16	130.52	-17
129.71	-19	129.71	-14	129.71	-14	129.71	-18	129.71	-17	129.71	-16
128.91	-19	128.91	-16	128.91	-15	128.91	-16	128.91	-15	128.91	-15
128.1	-13	128.1	-15	128.1	-14	128.1	-15	128.1	-17	128.1	-15
127.29	-18	127.29	-15	127.29	-17	127.29	-14	127.29	-20	127.29	-14
126.49	-17	126.49	-18	126.49	-15	126.49	-13	126.49	-18	126.49	-17
125.68	-16	125.68	-16	125.68	-16	125.68	-15	125.68	-16	125.68	-17
124.88	-15	124.88	-16	124.88	-18	124.88	-12	124.88	-17	124.88	-17
124.07	-15	124.07	-15	124.07	-15	124.07	-13	124.07	-15	124.07	-16
123.27	-15	123.27	-16	123.27	-17	123.27	-13	123.27	-16	123.27	-16
122.46	-16	122.46	-17	122.46	-15	122.46	-15	122.46	-18	122.46	-17
121.66	-17	121.66	-15	121.66	-19	121.66	-15	121.66	-16	121.66	-18
120.85	-17	120.85	-15	120.85	-16	120.85	-14	120.85	-16	120.85	-17
120.04	-16	120.04	-15	120.04	-17	120.04	-15	120.04	-19	120.04	-17
119.24	-16	119.24	-16	119.24	-18	119.24	-13	119.24	-18	119.24	-17
118.43	-16	118.43	-17	118.43	-16	118.43	-15	118.43	-17	118.43	-19
117.63	-15	117.63	-17	117.63	-15	117.63	-18	117.63	-18	117.63	-17
116.82	-15	116.82	-16	116.82	-15	116.82	-14	116.82	-16	116.82	-17
116.02	-14	116.02	-14	116.02	-17	116.02	-16	116.02	-16	116.02	-17
115.21	-17	115.21	-18	115.21	-16	115.21	-18	115.21	-16	115.21	-19
114.4	-17	114.4	-17	114.4	-15	114.4	-15	114.4	-18	114.4	-15
113.6	-12	113.6	-18	113.6	-16	113.6	-18	113.6	-22	113.6	-17
112.79	-16	112.79	-17	112.79	-17	112.79	-16	112.79	-19	112.79	-16
111.99	-17	111.99	-14	111.99	-16	111.99	-16	111.99	-17	111.99	-14
111.18	-17	111.18	-15	111.18	-17	111.18	-18	111.18	-16	111.18	-16
110.38	-15	110.38	-15	110.38	-13	110.38	-16	110.38	-20	110.38	-17
109.57	-17	109.57	-18	109.57	-16	109.57	-17	109.57	-17	109.57	-17
108.76	-14	108.76	-19	108.76	-17	108.76	-15	108.76	-15	108.76	-13
107.96	-18	107.96	-18	107.96	-16	107.96	-18	107.96	-16	107.96	-17
107.15	-18	107.15	-17	107.15	-15	107.15	-17	107.15	-18	107.15	-18
106.35	-17	106.35	-17	106.35	-16	106.35	-17	106.35	-19	106.35	-18
105.54	-16	105.54	-15	105.54	-15	105.54	-17	105.54	-16	105.54	-18
104.74	-19	104.74	-16	104.74	-16	104.74	-16	104.74	-17	104.74	-17
103.93	-18	103.93	-16	103.93	-12	103.93	-12	103.93	-18	103.93	-18
103.13	-16	103.13	-17	103.13	-19	103.13	-15	103.13	-17	103.13	-16
102.32	-16	102.32	-17	102.32	-17	102.32	-15	102.32	-20	102.32	-18
101.51	-17	101.51	-15	101.51	-18	101.51	-15	101.51	-19	101.51	-18
100.71	-16	100.71	-16	100.71	-16	100.71	-17	100.71	-17	100.71	-18
99.902	-18	99.902	-19	99.902	-18	99.902	-16	99.902	-18	99.902	-17
99.097	-17	99.097	-16	99.097	-18	99.097	-16	99.097	-18	99.097	-17
98.291	-16	98.291	-17	98.291	-17	98.291	-18	98.291	-16	98.291	-16
97.485	-16	97.485	-18	97.485	-18	97.485	-13	97.485	-17	97.485	-18
96.68	-17	96.68	-19	96.68	-16	96.68	-16	96.68	-16	96.68	-18
95.874	-17	95.874	-19	95.874	-16	95.874	-18	95.874	-20	95.874	-17
95.068	-18	95.068	-16	95.068	-17	95.068	-15	95.068	-18	95.068	-17
94.263	-18	94.263	-18	94.263	-18	94.263	-15	94.263	-20	94.263	-17
93.457	-18	93.457	-18	93.457	-10	93.457	-15	93.457	-18	93.457	-18
92.651	-17	92.651	-18	92.651	-17	92.651	-17	92.651	-19	92.651	-18
91.846	-18	91.846	-17	91.846	-19	91.846	-16	91.846	-18	91.846	-20
91.04	-19	91.04	-18	91.04	-15	91.04	-15	91.04	-18	91.04	-18
90.234	-17	90.234	-19	90.234	-16	90.234	-18	90.234	-20	90.234	-20
89.429	-18	89.429	-16	89.429	-19	89.429	-13	89.429	-18	89.429	-20
88.623	-18	88.623	-19	88.623	-17	88.623	-16	88.623	-16	88.623	-18
87.817	-18	87.817	-18	87.817	-19	87.817	-17	87.817	-18	87.817	-14
87.012	-19	87.012	-17	87.012	-17	87.012	-14	87.012	-18	87.012	-19
86.206	-17	86.206	-19	86.206	-17	86.206	-17	86.206	-18	86.206	-19
85.4	-19	85.4	-20	85.4	-17	85.4	-17	85.4	-17	85.4	-20
84.595	-18	84.595	-21	84.595	-17	84.595	-15	84.595	-18	84.595	-19
83.789	-16	83.789	-18	83.789	-18	83.789	-19	83.789	-19	83.789	-19
82.983	-16	82.983	-19	82.983	-16	82.983	-18	82.983	-17	82.983	-18
82.178	-18	82.178	-18	82.178	-18	82.178	-16	82.178	-19	82.178	-17
81.372	-20	81.372	-18	81.372	-23	81.372	-19	81.372	-19	81.372	-17
80.566	-21	80.566	-18	80.566	-18	80.566	-18	80.566	-20	80.566	-20
79.761	-19	79.761	-17	79.761	-18	79.761	-17	79.761	-20	79.761	-21
78.955	-19	78.955	-18	78.955	-17	78.955	-18	78.955	-21	78.955	-20
78.149	-16	78.149	-19	78.149	-19	78.149	-19	78.149	-20	78.149	-18
77.344	-19	77.344	-17	77.344	-18	77.344	-16	77.344	-20	77.344	-18
76.538	-21	76.538	-18	76.538	-19	76.538	-12	76.538	-21	76.538	-18
75.732	-16	75.732	-19	75.732	-19	75.732	-16	75.732	-18	75.732	-19
74.927	-23	74.927	-18	74.927	-17	74.927	-17	74.927	-20	74.927	-21
74.121	-18	74.121	-18	74.121	-16	74.121	-17	74.121	-18	74.121	-20
73.315	-18	73.315	-18	73.315	-17	73.315	-19	73.315	-15	73.315	-18
72.51	-17	72.51	-17	72.51	-15	72.51	-17	72.51	-18	72.51	-18
71.704	-16	71.704	-17	71.704	-19	71.704	-19	71.704	-18	71.704	-18
70.898	-17	70.898	-19	70.898	-19	70.898	-18	70.898	-18	70.898	-19
70.093	-19	70.093	-19	70.093	-19	70.093	-19	70.093	-20	70.093	-18
69.287	-11	69.287	-18	69.287	-19	69.287	-19	69.287	-19	69.287	-18
68.481	-18	68.481	-20	68.481	-19	68.481	-19	68.481	-19	68.481	-19
67.676	-19	67.676	-18	67.676	-19	67.676	-20	67.676	-20	67.676	-20
66.87	-19	66.87	-18	66.87	-19	66.87	-17	66.87	-18	66.87	-21
66.064	-19	66.064	-19	66.064	-19	66.064	-16	66.064	-17	66.064	-20
65.259	-18	65.259	-18	65.259	-19	65.259	-17	65.259	-16	65.259	-18
64.453	-19	64.453	-20	64.453	-19	64.453	-19	64.453	-20	64.453	-19
63.647	-18	63.647	-19	63.647	-21	63.647	-18	63.647	-20	63.647	-20
62.842	-20	62.842	-19	62.842	-20	62.842	-19	62.842	-18	62.842	-18
62.036	-19	62.036	-19	62.036	-18	62.036	-19	62.036	-20	62.036	-23
61.23	-19	61.23	-18	61.23	-19	61.23	-20	61.23	-18	61.23	-16
60.425	-20	60.425	-18	60.425	-15	60.425	-18	60.425	-21	60.425	-20
59.619	-18	59.619	-17	59.619	-20	59.619	-18	59.619	-22	59.619	-21
58.813	-18	58.813	-23	58.813	-19	58.813	-17	58.813	-20	58.813	-20
58.008	-20	58.008	-20	58.008	-19	58.008	-18	58.008	-21	58.008	-22
57.202	-17	57.202	-21	57.202	-19	57.202	-19	57.202	-21	57.202	-22
56.396	-18	56.396	-20	56.396	-21	56.396	-17	56.396	-20	56.396	-19
55.591	-21	55.591	-20	55.591	-21	55.591	-20	55.591	-24	55.591	-20
54.785	-19	54.785	-20	54.785	-20	54.785	-29	54.785	-21	54.785	-21
53.979	-21	53.979	-19	53.979	-21	53.979	-18	53.979	-22	53.979	-19
53.174	-22	53.174	-17	53.174	-20	53.174	-19	53.174	-21	53.174	-20
52.368	-22	52.368	-18	52.368	-18	52.368	-19	52.368	-20	52.368	-20
51.563	-21	51.563	-19	51.563	-20	51.563	-19	51.563	-21	51.563	-19
50.757	-20	50.757	-20	50.757	-18	50.757	-19	50.757	-21	50.757	-20
49.951	-20	49.951	-19	49.951	-20	49.951	-20	49.951	-26	49.951	-18
49.146	-21	49.146	-19	49.146	-20	49.146	-19	49.146	-20	49.146	-18
48.34	-20	48.34	-19	48.34	-18	48.34	-19	48.34	-21	48.34	-18
47.534	-20	47.534	-22	47.534	-20	47.534	-20	47.534	-23	47.534	-16
46.729	-21	46.729	-18	46.729	-20	46.729	-20	46.729	-21	46.729	-19
45.923	-19	45.923	-19	45.923	-20	45.923	-21	45.923	-22	45.923	-22
45.117	-21	45.117	-23	45.117	-19	45.117	-19	45.117	-22	45.117	-21
44.312	-19	44.312	-20	44.312	-21	44.312	-19	44.312	-20	44.312	-21
43.506	-17	43.506	-22	43.506	-20	43.506	-26	43.506	-22	43.506	-20
42.7	-20	42.7	-19	42.7	-20	42.7	-19	42.7	-21	42.7	-19
41.895	-19	41.895	-14	41.895	-20	41.895	-20	41.895	-22	41.895	-19
41.089	-22	41.089	-21	41.089	-21	41.089	-20	41.089	-23	41.089	-20
40.283	-22	40.283	-19	40.283	-19	40.283	-19	40.283	-23	40.283	-21
39.478	-22	39.478	-20	39.478	-20	39.478	-18	39.478	-21	39.478	-21
38.672	-21	38.672	-20	38.672	-18	38.672	-18	38.672	-19	38.672	-22
37.866	-20	37.866	-20	37.866	-21	37.866	-20	37.866	-25	37.866	-21
37.061	-21	37.061	-19	37.061	-20	37.061	-18	37.061	-22	37.061	-21
36.255	-21	36.255	-20	36.255	-20	36.255	-19	36.255	-21	36.255	-19
35.449	-21	35.449	-20	35.449	-18	35.449	-22	35.449	-21	35.449	-22
34.644	-21	34.644	-22	34.644	-21	34.644	-20	34.644	-21	34.644	-21
33.838	-22	33.838	-20	33.838	-22	33.838	-19	33.838	-21	33.838	-20
33.032	-21	33.032	-22	33.032	-19	33.032	-21	33.032	-21	33.032	-21
32.227	-21	32.227	-20	32.227	-18	32.227	-18	32.227	-22	32.227	-18
31.421	-22	31.421	-21	31.421	-20	31.421	-19	31.421	-22	31.421	-20
30.615	-18	30.615	-21	30.615	-20	30.615	-18	30.615	-19	30.615	-20
29.81	-22	29.81	-21	29.81	-19	29.81	-20	29.81	-22	29.81	-18
29.004	-22	29.004	-21	29.004	-19	29.004	-19	29.004	-24	29.004	-17
28.198	-21	28.198	-19	28.198	-20	28.198	-20	28.198	-22	28.198	-21
27.393	-20	27.393	-20	27.393	-22	27.393	-20	27.393	-22	27.393	-22
26.587	-22	26.587	-20	26.587	-21	26.587	-19	26.587	-20	26.587	-22
25.781	-21	25.781	-24	25.781	-22	25.781	-20	25.781	-22	25.781	-22
24.976	-21	24.976	-20	24.976	-23	24.976	-18	24.976	-22	24.976	-22
24.17	-19	24.17	-21	24.17	-20	24.17	-16	24.17	-19	24.17	-22
23.364	-21	23.364	-18	23.364	-21	23.364	-19	23.364	-21	23.364	-21
22.559	-20	22.559	-21	22.559	-21	22.559	-20	22.559	-20	22.559	-22
21.753	-21	21.753	-22	21.753	-21	21.753	-21	21.753	-23	21.753	-21
20.947	-21	20.947	-20	20.947	-16	20.947	-21	20.947	-24	20.947	-21
20.142	-21	20.142	-20	20.142	-20	20.142	-20	20.142	-20	20.142	-23
19.336	-23	19.336	-20	19.336	-23	19.336	-19	19.336	-21	19.336	-20
18.53	-18	18.53	-21	18.53	-22	18.53	-20	18.53	-23	18.53	-21
17.725	-23	17.725	-21	17.725	-21	17.725	-19	17.725	-21	17.725	-20
16.919	-25	16.919	-19	16.919	-22	16.919	-21	16.919	-23	16.919	-22
16.113	-23	16.113	-19	16.113	-20	16.113	-23	16.113	-23	16.113	-21
15.308	-20	15.308	-21	15.308	-22	15.308	-20	15.308	-23	15.308	-24
14.502	-21	14.502	-23	14.502	-21	14.502	-22	14.502	-23	14.502	-22
13.696	-21	13.696	-21	13.696	-22	13.696	-23	13.696	-22	13.696	-22
12.891	-22	12.891	-22	12.891	-20	12.891	-22	12.891	-23	12.891	-23
12.085	-22	12.085	-21	12.085	-22	12.085	-19	12.085	-21	12.085	-21
11.279	-23	11.279	-22	11.279	-22	11.279	-22	11.279	-20	11.279	-22
10.474	-21	10.474	-21	10.474	-21	10.474	-21	10.474	-21	10.474	-24
9.668	-23	9.668	-20	9.668	-21	9.668	-23	9.668	-23	9.668	-24
8.8623	-21	8.8623	-21	8.8623	-20	8.8623	-20	8.8623	-21	8.8623	-24
8.0566	-23	8.0566	-24	8.0566	-19	8.0566	-22	8.0566	-20	8.0566	-23
7.251	-23	7.251	-20	7.251	-18	7.251	-22	7.251	-20	7.251	-26
6.4453	-23	6.4453	-23	6.4453	-21	6.4453	-22	6.4453	-21	6.4453	-24
5.6396	-22	5.6396	-21	5.6396	-23	5.6396	-21	5.6396	-23	5.6396	-23
4.834	-22	4.834	-21	4.834	-22	4.834	-25	4.834	-20	4.834	-22
4.0283	-23	4.0283	-22	4.0283	-23	4.0283	-23	4.0283	-23	4.0283	-24
3.2227	-23	3.2227	-22	3.2227	-23	3.2227	-22	3.2227	-21	3.2227	-24
2.417	-22	2.417	-20	2.417	-23	2.417	-23	2.417	-22	2.417	-24
1.6113	-22	1.6113	-22	1.6113	-22	1.6113	-24	1.6113	-22	1.6113	-24
